,CompanyName,companyNameLinkedin,companyIndustries
0,TD,TD,Banking
1,Light Up The World (LUTW),Light-Up-The-World,Renewables & Environment
2,Glacier,Glacier,Financial Services
3,Sprout App,Sprout-App,Computer Software
4,College Pro,College-Pro,Consumer Services
5,Microsoft,Microsoft,Computer Software
6,SIG Consulting,SIG-Consulting,Information Technology & Services
7,K3 Retail,K3-Retail,Information Technology & Services
8,"Motech Industries, Inc. Solar BU",Motech-Industries-Inc.-Solar-BU,Renewables & Environment
9,Cytec Solvay Group,Cytec-Solvay-Group,Chemicals
10,DuPont,DuPont,Chemicals
11,UnitedHealth Group,UnitedHealth-Group,Hospital & Health Care
12,Ingersoll Rand,Ingersoll-Rand,Electrical & Electronic Manufacturing
13,Allianz,Allianz,Financial Services
14,GE Capital,GE-Capital,Mechanical Or Industrial Engineering
15,One Click Life formerly JUST FSG,One-Click-Life-formerly-JUST-FSG,"Health, Wellness & Fitness"
16,Google,Google,Internet
17,Office Depot,Office-Depot,Business Supplies & Equipment
18,Transaction Equipment Corp,Transaction-Equipment-Corp,Nan
19,CMather Web Development,CMather-Web-Development,Internet
20,Mayne Pharma,Mayne-Pharma,Pharmaceuticals
21,Bendigo and Adelaide Bank,Bendigo-and-Adelaide-Bank,Banking
22,IBISWorld,IBISWorld,Market Research
23,Kinetic Super,Kinetic-Super,Financial Services
24,Capability Network,Capability-Network,Management Consulting
25,Aristocrat,Aristocrat,Gambling & Casinos
26,GU2 Radio,GU2-Radio,Broadcast Media
27,Lionhead Studios,Lionhead-Studios,Computer Games
28,Intandem Solutions Limited,Intandem-Solutions-Limited,Computer Software
29,IBM,IBM,Information Technology & Services
30,KPMG US,KPMG-US,Financial Services
31,Deloitte,Deloitte,Management Consulting
32,Rapidigm,Rapidigm,Information Technology & Services
33,Domin-8 Enterprise Solutions,Domin-8-Enterprise-Solutions,Computer Software
34,Mapp Digital,Mapp-Digital,Marketing & Advertising
35,"SIA, Sistemas Inform?­ticos Abiertos, S.A.",SIA-Sistemas-Inform?­ticos-Abiertos-S.A.,Wholesale
36,Sybari Software,Sybari-Software,Computer Software
37,"RedWorks, Inc.",RedWorks-Inc.,Marketing & Advertising
38,Neo@Ogilvy,Neo@Ogilvy,Nan
39,rVue,rVue,Marketing & Advertising
40,Norton Rose Fulbright,Norton-Rose-Fulbright,Computer Software
41,King & Wood Mallesons,King-&-Wood-Mallesons,Legal Services
42,Garfield Robbins International,Garfield-Robbins-International,Legal Services
43,Vodafone,Vodafone,Telecommunications
44,Hays,Hays,Staffing & Recruiting
45,LG Soft India,LG-Soft-India,Computer Software
46,LG CNS India,LG-CNS-India,Information Technology & Services
47,GE,GE,Mechanical Or Industrial Engineering
48,NASSCOM,NASSCOM,Nan
49,People10 Technologies Inc.,People10-Technologies-Inc.,Nan
50,EXCEED IT Services & Training,EXCEED-IT-Services-&-Training,Outsourcing/Offshoring
51,Adobe,Adobe,Computer Software
52,CitiXsys - iVend Retail,CitiXsys---iVend-Retail,Computer Software
53,Nokia,Nokia,Telecommunications
54,Dassault Syst??mes 3DEXCITE,Dassault-Syst??mes-3DEXCITE,Nan
55,FH O?? Forschung & Entwicklung GmbH,FH-O??-Forschung-&-Entwicklung-GmbH,Nan
56,"Interactive & Digital Media Institute, National University of Singapore",Interactive-&-Digital-Media-Institute-National-University-of-Singapore,Information Technology & Services
57,"Sunera Technologies, Inc. (SuneraTech)",Sunera-Technologies-Inc.,Professional Training & Coaching
58,Partner Development Centre Asia Pacific,Partner-Development-Centre-Asia-Pacific,Internet
59,Carpe Diem Consulting,Carpe-Diem-Consulting,Marketing & Advertising
60,PwC Consulting,PwC-Consulting,Accounting
61,Maersk Data,Maersk-Data,Information Technology & Services
62,Ramboll,Ramboll,Civil Engineering
63,NNIT,NNIT,Information Technology & Services
64,Self Employed Independent Peoplesoft Consultant,Self-Employed-Independent-Peoplesoft-Consultant,Publishing
65,KOMPAN A/S,KOMPAN-A/S,Computer Software
66,LM Wind Power,LM-Wind-Power,Renewables & Environment
67,Arla Foods,Arla-Foods,Dairy
68,GRUNDFOS,GRUNDFOS,Mechanical Or Industrial Engineering
69,Change Agents Worldwide,Change-Agents-Worldwide,Information Services
70,"Yammer, Inc.",Yammer-Inc.,Nan
71,Espire Infolabs,Espire-Infolabs,Information Technology & Services
72,NexGEN Consultancy Pvt Ltd,NexGEN-Consultancy-Pvt-Ltd,Financial Services
73,Hewlett Packard Enterprise,Hewlett-Packard-Enterprise,Information Technology & Services
74,Top Juice,Top-Juice,Retail
75,Pre-Uni New College,Pre-Uni-New-College,Media Production
76,North Shore Coaching College,North-Shore-Coaching-College,Marketing & Advertising
77,Blue Titan Software,Blue-Titan-Software,Computer Software
78,Quick Knowledge,Quick-Knowledge,Food Production
79,Tynan Mackenzie,Tynan-Mackenzie,Financial Services
80,Capgemini,Capgemini,Information Technology & Services
81,Janssen Inc.,Janssen-Inc.,Marketing & Advertising
82,King Pharmaceuticals,King-Pharmaceuticals,Pharmaceuticals
83,Boston Scientific,Boston-Scientific,Medical Device
84,St. Jude Medical,St.-Jude-Medical,Nan
85,Abbott,Abbott,Consumer Goods
86,"Keeping Tranditions, Inc.",Keeping-Tranditions-Inc.,Human Resources
87,SWENSON,SWENSON,Nan
88,"McManigal & Associates Architects, PLLC",McManigal-&-Associates-Architects-PLLC,Nan
89,Reachwerks,Reachwerks,Marketing & Advertising
90,Ingeniux Corporation,Ingeniux-Corporation,Computer Software
91,ITGROUP,ITGROUP,Information Technology & Services
92,dr.consulta,dr.consulta,Nan
93,Concepts Systems,Concepts-Systems,Nan
94,Newcastle institute of energy and resource,Newcastle-institute-of-energy-and-resource,Real Estate
95,James Glen,James-Glen,Building Materials
96,HEAT Software,HEAT-Software,Internet
97,MWEB,MWEB,Information Technology & Services
98,Microsoft South Africa,Microsoft-South-Africa,Computer Software
99,"Microsoft West, East & Central Africa and Indian Ocean Islands",Microsoft-West-East-&-Central-Africa-and-Indian-Ocean-Islands,Computer Software
100,A.I.M. Cash & Carry,A.I.M.-Cash-&-Carry,Nan
101,CDK Digital Marketing,CDK-Digital-Marketing,Management Consulting
102,Strong-Bridge Consulting,Strong-Bridge-Consulting,Nan
103,"Expedia, Inc.",Expedia-Inc.,Internet
104,Nordstrom,Nordstrom,Retail
105,Nets & Webs,Nets-&-Webs,Financial Services
106,Dimension Data,Dimension-Data,Information Technology & Services
107,Federal Department of Climate Change and Energy Efficiency,Federal-Department-of-Climate-Change-and-Energy-Efficiency,Oil & Energy
108,Business Aspect,Business-Aspect,Management Consulting
109,Deutsche Bank,Deutsche-Bank,Financial Services
110,Institute of Travel Management,Institute-of-Travel-Management,Non-profit Organization Management
111,PWA,PWA,Mining & Metals
112,Microsoft Business Solutions,Microsoft-Business-Solutions,Computer Software
113,Thomsons Online Benefits,Thomsons-Online-Benefits,Computer Software
114,Willis Towers Watson,Willis-Towers-Watson,Financial Services
115,"Channel Crossings, s.r.o.",Channel-Crossings-s.r.o.,Internet
116,SATPO,SATPO,Real Estate
117,Indian School of Business,Indian-School-of-Business,Higher Education
118,Toastmasters International,Toastmasters-International,Non-profit Organization Management
119,bwin,bwin,Nan
120,HCL Technologies,HCL-Technologies,Information Technology & Services
121,Sea Dragon Dive Center,Sea-Dragon-Dive-Center,Human Resources
122,MANGO,MANGO,Retail
123,CCS Fundraising,CCS-Fundraising,Philanthropy
124,Dell,Dell,Information Technology & Services
125,Brand New School,Brand-New-School,Design
126,Apple,Apple,Consumer Electronics
127,Bing Technologies,Bing-Technologies,Security & Investigations
128,Samsung Mobile,Samsung-Mobile,Nan
129,Halliburton,Halliburton,Oil & Energy
130,SnapLogic,SnapLogic,Computer Software
131,TSN - The Sports Network - Canada,TSN---The-Sports-Network---Canada,Broadcast Media
132,IQ 20/20,IQ-20/20,Nan
133,Collabera Inc. ,Collabera-Inc.-,Information Technology & Services
134,Maritime Services Board of NSW,Maritime-Services-Board-of-NSW,Photography
135,"CCHS, The University of Sydney",CCHS-The-University-of-Sydney,Nan
136,SydU*tech,SydU*tech,Nan
137,University of Sydney,University-of-Sydney,Higher Education
138,Financial Systems of Australia,Financial-Systems-of-Australia,Nan
139,"SumTotal Systems, LLC",SumTotal-Systems-LLC,Management Consulting
140,BroadPoint Group,BroadPoint-Group,Staffing & Recruiting
141,RS2i,RS2i,Information Technology & Services
142,Taranis Software Pty Ltd,Taranis-Software-Pty-Ltd,Internet
143,Wunderman-Bienalto,Wunderman-Bienalto,Marketing & Advertising
144,The University of Edinburgh,The-University-of-Edinburgh,Law Practice
145,Heriot-Watt University,Heriot-Watt-University,Higher Education
146,Global Brands Group (GBG),Global-Brands-Group,Consumer Goods
147,The Austin Chronicle,The-Austin-Chronicle,Newspapers
148,The University of Texas at Austin,The-University-of-Texas-at-Austin,Management Consulting
149,Gnap! Theatre Projects,Gnap!-Theatre-Projects,Nan
150,University of Southern California,University-of-Southern-California,Higher Education
151,"BMW of North America, LLC",BMW-of-North-America-LLC,Automotive
152,Worldbuilding Media Lab,Worldbuilding-Media-Lab,Nan
153,Paralect,Paralect,Information Technology & Services
154,Frima,Frima,Nan
155,5d Global Studio,5d-Global-Studio,Construction
156,Mobius Digital Games,Mobius-Digital-Games,Marketing & Advertising
157,Norbury Manor High School for Girls,Norbury-Manor-High-School-for-Girls,Accounting
158,McCluskey International,McCluskey-International,Nan
159,Omnicom Media Group UK,Omnicom-Media-Group-UK,Marketing & Advertising
160,Cond?? Nast,Cond??-Nast,Nan
161,Laurentian University/Universit?? Laurentienne,Laurentian-University/Universit??-Laurentienne,Nan
162,Atlas Copco,Atlas-Copco,Machinery
163,Carleton University,Carleton-University,Higher Education
164,Taste Monkey Inc.,Taste-Monkey-Inc.,Staffing & Recruiting
165,Universit?ÿ degli Studi di Trento,Universit?ÿ-degli-Studi-di-Trento,Information Services
166,Indian Institute of Science (IISc),Indian-Institute-of-Science,Research
167,CEA,CEA,Research
168,ABB,ABB,Electrical & Electronic Manufacturing
169,Caliverse,Caliverse,Information Technology & Services
170,Rolls-Royce@NTU Corporate Lab,Rolls-Royce@NTU-Corporate-Lab,Nan
171,Jatis Solutions,Jatis-Solutions,Real Estate
172,PT. Internux (BOLT - LTE Operator),PT.-Internux,Telecommunications
173,Asian University for Women,Asian-University-for-Women,Higher Education
174,Ministry of Transport & Communications,Ministry-of-Transport-&-Communications,Design
175,Qatar Foundation,Qatar-Foundation,Nan
176,New York University Abu Dhabi,New-York-University-Abu-Dhabi,Higher Education
177,Thomson Reuters Markets,Thomson-Reuters-Markets,Real Estate
178,Colt Technology Services,Colt-Technology-Services,Telecommunications
179,PureAtria,PureAtria,Computer Software
180,Rational Software,Rational-Software,Computer Software
181,Jisc,Jisc,Higher Education
182,iconmobile group,iconmobile-group,Design
183,Western Union Business Solutions,Western-Union-Business-Solutions,Financial Services
184,Registro civil Torrejon de Ardoz,Registro-civil-Torrejon-de-Ardoz,Government Administration
185,Avon,Avon,Cosmetics
186,Diageo,Diageo,Wine & Spirits
187,Fishburn Hedges,Fishburn-Hedges,Public Relations & Communications
188,The Sauce Agency,The-Sauce-Agency,Management Consulting
189,RMIT University,RMIT-University,Higher Education
190,South East Water,South-East-Water,Utilities
191,Microsoft Bing,Microsoft-Bing,Computer Software
192,Hanbit Media,Hanbit-Media,Publishing
193,University of Technology Sydney,University-of-Technology-Sydney,Higher Education
194,Agility Global Health Solutions,Agility-Global-Health-Solutions,Hospital & Health Care
195,Westpac,Westpac,Banking
196,Ourway Event Management,Ourway-Event-Management,Nan
197,Federal Government,Federal-Government,Information Technology & Services
198,K & H International School,K-&-H-International-School,Marketing & Advertising
199,Mahindra Comviva,Mahindra-Comviva,Information Technology & Services
200,Spread Tecnologia,Spread-Tecnologia,Information Technology & Services
201,Orange Business Services,Orange-Business-Services,Information Technology & Services
202,Katena Cloud Consulting,Katena-Cloud-Consulting,Information Technology & Services
203,Aptara,Aptara,Publishing
204,Caltech,Caltech,Nan
205,AT&T Bell Laboratories,AT&T-Bell-Laboratories,Electrical & Electronic Manufacturing
206,Sun Microsystems,Sun-Microsystems,Market Research
207,Facebook,Facebook,Internet
208,Volt Technical Resources,Volt-Technical-Resources,Staffing & Recruiting
209,"TeleCommunication Systems, Inc.",TeleCommunication-Systems-Inc.,Nan
210,Deloitte Digital,Deloitte-Digital,Information Technology & Services
211,AOL International,AOL-International,Marketing & Advertising
212,Millennium Software,Millennium-Software,"Health, Wellness & Fitness"
213,NetProfit Investment Technologies (dba Innovative Desktop Solutions),NetProfit-Investment-Technologies,Marketing & Advertising
214,Craftsman Book Company,Craftsman-Book-Company,Publishing
215,Cardinal Health,Cardinal-Health,Hospital & Health Care
216,Axon,Axon,Information Technology & Services
217,Purdue University,Purdue-University,Higher Education
218,Qualcomm,Qualcomm,Wireless
219,Palantir,Palantir,Oil & Energy
220,Applied Research Labs,Applied-Research-Labs,Computer Software
221,Goldman Sachs,Goldman-Sachs,Financial Services
222,University of Cambridge,University-of-Cambridge,Research
223,Metso,Metso,Machinery
224,Wicom Communications Ltd,Wicom-Communications-Ltd,Information Technology & Services
225,University of Leeds,University-of-Leeds,Higher Education
226,Dezineforce.com,Dezineforce.com,Computer Software
227,Novell,Novell,Information Technology & Services
228,Amadeus IT Group,Amadeus-IT-Group,Information Technology & Services
229,SuporTI,SuporTI,Nan
230,Allserve Systems Corp,Allserve-Systems-Corp,Nan
231,Sony Mobile Communications,Sony-Mobile-Communications,Telecommunications
232,Amazon Lab126,Amazon-Lab126,Internet
233,SpaceX,SpaceX,Aviation & Aerospace
234,"CyberVillage Networkers, Inc.",CyberVillage-Networkers-Inc.,Information Technology & Services
235,National Institute of Standards and Technology,National-Institute-of-Standards-and-Technology,Real Estate
236,UC Merced,UC-Merced,Higher Education
237,CITRIS and the Banatao Institute,CITRIS-and-the-Banatao-Institute,Nan
238,"Anderson Analytics, LLC",Anderson-Analytics-LLC,Market Research
239,Telasar Consulting,Telasar-Consulting,Information Technology & Services
240,Telalink,Telalink,Nan
241,Vanderbilt University Medical Center,Vanderbilt-University-Medical-Center,Hospital & Health Care
242,Birlasoft,Birlasoft,Information Technology & Services
243,Optimation Group,Optimation-Group,Information Technology & Services
244,South Puget Sound Community College,South-Puget-Sound-Community-College,Higher Education
245,"KNBR Investments, LLC",KNBR-Investments-LLC,Graphic Design
246,Aditi Consulting,Aditi-Consulting,Civic & Social Organization
247,"P.T. WEB MEDIA, INC.,",P.T.-WEB-MEDIA-INC.,Nan
248,'Self-Employed'?,'Self-Employed'?,Nan
249,Consolidated Contractors International Company,Consolidated-Contractors-International-Company,Construction
250,Freelance,Freelance,Staffing & Recruiting
251,OSN,OSN,Broadcast Media
252,Qlik,Qlik,Computer Software
253,Adapp Solutions,Adapp-Solutions,Information Technology & Services
254,AIG,AIG,Insurance
255,Worcester Polytechnic Institute,Worcester-Polytechnic-Institute,Higher Education
256,NVIDIA,NVIDIA,Computer Hardware
257,Symantec,Symantec,Computer Software
258,Veritas Technologies LLC,Veritas-Technologies-LLC,Computer Software
259,Government of South Australia,Government-of-South-Australia,Government Administration
260,UBS,UBS,Financial Services
261,Gerling,Gerling,Insurance
262,Colonial First State,Colonial-First-State,Financial Services
263,CSC,CSC,Information Technology & Services
264,Hyro,Hyro,Internet
265,The Kraft Heinz Company,The-Kraft-Heinz-Company,Food & Beverages
266,AIA,AIA,Insurance
267,PACT Group,PACT-Group,"Health, Wellness & Fitness"
268,Goodyear,Goodyear,Automotive
269,Chocolates dos Deuses,Chocolates-dos-Deuses,Nan
270,CNPq,CNPq,Government Administration
271,UniCamp,UniCamp,Events Services
272,EMBRAPA Cear?­ - Agroindustria Tropical - Desafios para o futuro,EMBRAPA-Cear?­---Agroindustria-Tropical---Desafios-para-o-futuro,Farming
273,SIEG - Sociedade Internacional para Excelencia Gerencial,SIEG---Sociedade-Internacional-para-Excelencia-Gerencial,Information Technology & Services
274,UNIFIAN - Faculdades Integradas Anhanguera,UNIFIAN---Faculdades-Integradas-Anhanguera,Nan
275,UNIBAN BRASIL - Universidade Bandeirante,UNIBAN-BRASIL---Universidade-Bandeirante,Nan
276,ELOS Espiritualidade e Lideran??a para Organiza???æes Saud?­veis,ELOS-Espiritualidade-e-Lideran??a-para-Organiza???æes-Saud?­veis,Information Technology & Services
277,Universidade Federal de S?o Carlos,Universidade-Federal-de-S?o-Carlos,Nan
278,"Universidade Federal de S?o Carlos - ""UFSCAR Constroi seu Futuro em Di?­logo com a Sociedade""","Universidade-Federal-de-S?o-Carlos---""UFSCAR-Constroi-seu-Futuro-em-Di?­logo-com-a-Sociedade""",Nan
279,CATI - Coordenadoria de Assist?¦ncia T??cnica Integral,CATI---Coordenadoria-de-Assist?¦ncia-T??cnica-Integral,Market Research
280,The World Cafe - Caf?? Di?­logo,The-World-Cafe---Caf??-Di?­logo,Management Consulting
281,Sofhar,Sofhar,Information Technology & Services
282,CPFL Energia,CPFL-Energia,Utilities
283,Sistema Fiep,Sistema-Fiep,Civic & Social Organization
284,Universidade Federal de S?o Paulo,Universidade-Federal-de-S?o-Paulo,Higher Education
285,Senac,Senac,Higher Education
286,ABRH-RJ,ABRH-RJ,Non-profit Organization Management
287,Industria Quimica Solvay Indupa do Brasil,Industria-Quimica-Solvay-Indupa-do-Brasil,Telecommunications
288,Whirlpool Corporation,Whirlpool-Corporation,Consumer Goods
289,SPU - Secretaria do Patrimonio da Uniao,SPU---Secretaria-do-Patrimonio-da-Uniao,Marketing & Advertising
290,MetoKote Corporation,MetoKote-Corporation,Automotive
291,Grupo Full Jazz,Grupo-Full-Jazz,Marketing & Advertising
292,RNP,RNP,Internet
293,Boehringer Ingelheim,Boehringer-Ingelheim,Pharmaceuticals
294,SISTEMA Faculdade de Medicina USP - Universidade de S?o Paulo e Hospital das Clinicas,SISTEMA-Faculdade-de-Medicina-USP---Universidade-de-S?o-Paulo-e-Hospital-das-Clinicas,Investment Management
295,DNV GL,DNV-GL,Public Safety
296,Doutores da Alegria,Doutores-da-Alegria,Non-profit Organization Management
297,"Green Lighting Solutions, Philips",Green-Lighting-Solutions-Philips,Architecture & Planning
298,Grupo Algar,Grupo-Algar,Information Technology & Services
299,INSTITUTO ALANA,INSTITUTO-ALANA,Public Policy
300,Alergoclinica,Alergoclinica,Medical Practice
301,Claro Brasil,Claro-Brasil,Design
302,Wipro Limited,Wipro-Limited,Information Technology & Services
303,Catalyst Production,Catalyst-Production,Public Relations & Communications
304,Creative Instore Solutions,Creative-Instore-Solutions,Publishing
305,Self-employed,Self-employed,Publishing
306,Relationships Australia NSW,Relationships-Australia-NSW,Entertainment
307,Boxwave,Boxwave,Internet
308,Sila Solutions Group,Sila-Solutions-Group,Management Consulting
309,USAA,USAA,Financial Services
310,ManpowerGroup,ManpowerGroup,Staffing & Recruiting
311,Patsystems,Patsystems,Computer Software
312,Wincor Nixdorf,Wincor-Nixdorf,Information Technology & Services
313,Three.,Three.,Nan
314,JP Morgan Chase/Washington Mutual,JP-Morgan-Chase/Washington-Mutual,Information Technology & Services
315,Aerotek/Nintendo,Aerotek/Nintendo,Nan
316,Outerwall,Outerwall,Consumer Services
317,Evergreen Home Loans NMLS 3182,Evergreen-Home-Loans-NMLS-3182,Financial Services
318,TCS\Microsoft,TCS\Microsoft,Nan
319,Cognizant,Cognizant,Information Technology & Services
320,Blue Shield of California,Blue-Shield-of-California,Insurance
321,Costco Wholesale,Costco-Wholesale,Retail
322,Wickedland.com & Instrife.com,Wickedland.com-&-Instrife.com,Nan
323,EnSite Incorporated,EnSite-Incorporated,Oil & Energy
324,Polytope Records,Polytope-Records,Nan
325,National Center for Supercomputing Applications,National-Center-for-Supercomputing-Applications,Research
326,General Motors,General-Motors,Automotive
327,Groupon,Groupon,Internet
328,Twitter,Twitter,Internet
329,Shuffle Master,Shuffle-Master,Media Production
330,Diamond Resorts International??,Diamond-Resorts-International??,Nan
331,HP,HP,Information Technology & Services
332,NOVO Engineering,NOVO-Engineering,Design
333,"Sigma Design, Product Design and Engineering",Sigma-Design-Product-Design-and-Engineering,Pharmaceuticals
334,Wunderman,Wunderman,Marketing & Advertising
335,Microland Limited,Microland-Limited,Information Technology & Services
336,vCustomer,vCustomer,Outsourcing/Offshoring
337,Wipro Ltd. - India,Wipro-Ltd.---India,Information Technology & Services
338,HCL Comnet Limited,HCL-Comnet-Limited,Information Technology & Services
339,Accenture,Accenture,Information Technology & Services
340,NewsCorp/ MCI Internet Ventures,NewsCorp/-MCI-Internet-Ventures,Nan
341,Young & Rubicam New Technologies/ Brand Dialogue/ Luminant Worldwide,Young-&-Rubicam-New-Technologies/-Brand-Dialogue/-Luminant-Worldwide,Media Production
342,Organic,Organic,Marketing & Advertising
343,BrandWizard Technologies (Interbrand),BrandWizard-Technologies,Information Technology & Services
344,9/11 Unitied Services Group (funded by the September 11th Fund),9/11-Unitied-Services-Group,Nan
345,RAPP,RAPP,Marketing & Advertising
346,Digitas Health,Digitas-Health,Marketing & Advertising
347,Virtual University International,Virtual-University-International,Internet
348,SapientRazorfish,SapientRazorfish,Marketing & Advertising
349,SBI.Razorfish,SBI.Razorfish,Nan
350,The New York Times,The-New-York-Times,Newspapers
351,Bundle,Bundle,Information Technology & Services
352,Capital One,Capital-One,Financial Services
353,Yahoo! Inc.,Yahoo!-Inc.,Nan
354,Intergen,Intergen,Information Technology & Services
355,Squiz,Squiz,Information Technology & Services
356,IDC S.p.A,IDC-S.p.A,Market Research
357,Raise Foundation,Raise-Foundation,Non-profit Organization Management
358,Attachmate,Attachmate,Computer Software
359,SAP,SAP,Computer Software
360,Informatica,Informatica,Computer Software
361,AT&T,AT&T,Telecommunications
362,Ivy Softworks,Ivy-Softworks,Computer Software
363,Valley Cafe,Valley-Cafe,Nan
364,Ellensburg Community Radio,Ellensburg-Community-Radio,Nan
365,Xeddi,Xeddi,Information Technology & Services
366,University of Toronto,University-of-Toronto,Higher Education
367,bGlobal Interactive,bGlobal-Interactive,Information Technology & Services
368,Insightin | Technology (desme),Insightin-|-Technology,Nan
369,Gumbuya Inc.,Gumbuya-Inc.,Internet
370,InterAction,InterAction,Public Policy
371,Belkin International,Belkin-International,Consumer Electronics
372,"EVA Automation, Inc.",EVA-Automation-Inc.,Retail
373,Indian Aluminium,Indian-Aluminium,Nan
374,SAS Institute India,SAS-Institute-India,Computer Software
375,"Headquarters Royal Netherlands Army, 1st Army Corps",Headquarters-Royal-Netherlands-Army-1st-Army-Corps,Marketing & Advertising
376,Microsoft International Product Group,Microsoft-International-Product-Group,Computer Software
377,TKS The Training Company,TKS-The-Training-Company,Telecommunications
378,Info Opleiders,Info-Opleiders,Events Services
379,Canal+ Technologies,Canal+-Technologies,Nan
380,Eternal Systems,Eternal-Systems,Computer Software
381,Aventail,Aventail,Computer & Network Security
382,Software Box Ltd,Software-Box-Ltd,Nan
383,Salesforce,Salesforce,Internet
384,Office of the Director of Public Prosecutions,Office-of-the-Director-of-Public-Prosecutions,Mental Health Care
385,Facilitate Digital,Facilitate-Digital,Nan
386,Bullseye,Bullseye,Marketing & Advertising
387,Object Consulting,Object-Consulting,Information Technology & Services
388,MullenLowe Profero,MullenLowe-Profero,Marketing & Advertising
389,Technocrat,Technocrat,Internet
390,Avago Technologies,Avago-Technologies,Semiconductors
391,Siemens,Siemens,Electrical & Electronic Manufacturing
392,WURT,WURT,Nan
393,IssueLive,IssueLive,Nan
394,Staq Inc.,Staq-Inc.,Internet
395,FOVE,FOVE,Marketing & Advertising
396,SAM Labs,SAM-Labs,Primary/Secondary Education
397,Reemo,Reemo,Nan
398,TruRating,TruRating,Market Research
399,Microsoft Game Studios Ireland,Microsoft-Game-Studios-Ireland,Computer Software
400,Unum,Unum,Insurance
401,"PlayFirst, Inc.",PlayFirst-Inc.,Marketing & Advertising
402,Glu Mobile,Glu-Mobile,Computer Games
403,Cambridge Centers,Cambridge-Centers,Building Materials
404,FIli??re Ing??nieur Entreprendre de l'INSA,FIli??re-Ing??nieur-Entreprendre-de-l'INSA,Nan
405,GoneToLyon,GoneToLyon,Nan
406,Teliae,Teliae,Information Technology & Services
407,SlowMove,SlowMove,Nan
408,Auto entrepreneur,Auto-entrepreneur,Computer Software
409,Sopra Steria,Sopra-Steria,Nan
410,EPSI,EPSI,Information Technology & Services
411,Xamarin Student Partner,Xamarin-Student-Partner,Computer Software
412,Shapr,Shapr,Internet
413,Cellenza,Cellenza,Information Technology & Services
414,STEERING SISTEMI DIREZIONALI,STEERING-SISTEMI-DIREZIONALI,Management Consulting
415,TXT e-solutions,TXT-e-solutions,Information Technology & Services
416,SDG Group,SDG-Group,Management Consulting
417,Altran,Altran,Information Technology & Services
418,Broadcaster Ineractive Group,Broadcaster-Ineractive-Group,Telecommunications
419,Wire Image,Wire-Image,Higher Education
420,E!,E!,Nan
421,"eyeboogie, inc.",eyeboogie-inc.,Nan
422,E! Networks,E!-Networks,Nan
423,Dumbbells,Dumbbells,Nan
424,Target,Target,Retail
425,Centrelink,Centrelink,Government Administration
426,Teradata,Teradata,Information Technology & Services
427,SAS,SAS,Computer Software
428,South Sydney Referees Association,South-Sydney-Referees-Association,Internet
429,Private Tutor,Private-Tutor,Nan
430,Centaur Software Development Co.,Centaur-Software-Development-Co.,Nan
431,Business Information Systems Association (BISA),Business-Information-Systems-Association,Nan
432,Deloitte Australia,Deloitte-Australia,Management Consulting
433,The University of Sydney Business School,The-University-of-Sydney-Business-School,Higher Education
434,eBay,eBay,Internet
435,Dell EMC,Dell-EMC,Information Technology & Services
436,Hitachi Data Systems,Hitachi-Data-Systems,Information Technology & Services
437,Niteo | Business Intelligence. ECM.,Niteo-|-Business-Intelligence.-ECM.,Nan
438,Synovate,Synovate,Market Research
439,"Canon, Inc.",Canon-Inc.,Nan
440,LG Electronics,LG-Electronics,Consumer Electronics
441,Seagate Technology,Seagate-Technology,Computer Hardware
442,GE Healthcare,GE-Healthcare,Mechanical Or Industrial Engineering
443,Revel Consulting,Revel-Consulting,Management Consulting
444,Prime 8 Consulting,Prime-8-Consulting,Management Consulting
445,PepsiCo,PepsiCo,Food & Beverages
446,The Walt Disney Company,The-Walt-Disney-Company,Entertainment
447,News Corp,News-Corp,Nan
448,Mobile Ecosystem Forum,Mobile-Ecosystem-Forum,Wireless
449,Eagle Eye Solutions plc,Eagle-Eye-Solutions-plc,Public Safety
450,The Decision Platform,The-Decision-Platform,Management Consulting
451,"PARC, a Xerox Company",PARC-a-Xerox-Company,Non-profit Organization Management
452,Packard Bell,Packard-Bell,Computer Hardware
453,BrandsMart USA,BrandsMart-USA,Retail
454,Wiznet,Wiznet,Information Technology & Services
455,Verio,Verio,Internet
456,Gripati Digital Entertainment,Gripati-Digital-Entertainment,Entertainment
457,AppAnalytics.io,AppAnalytics.io,Nan
458,Deriva,Deriva,Financial Services
459,SPARQ Solutions,SPARQ-Solutions,Information Technology & Services
460,Eon UK,Eon-UK,Marketing & Advertising
461,Compuware,Compuware,Computer Software
462,KPMG Australia,KPMG-Australia,Management Consulting
463,Oracle,Oracle,Information Technology & Services
464,iGATE Corporation (now Capgemini Australia),iGATE-Corporation,Nan
465,CA Technologies,CA-Technologies,Computer Software
466,Dynatrace,Dynatrace,Computer Software
467,Varsity International,Varsity-International,Education Management
468,Phillips Electrical Technologies,Phillips-Electrical-Technologies,Construction
469,Racha Restaurant Group,Racha-Restaurant-Group,Transportation/Trucking/Railroad
470,Marchex,Marchex,Internet
471,Susan G. Komen,Susan-G.-Komen,Nan
472,Citi,Citi,Financial Services
473,KONE Corporation,KONE-Corporation,Mechanical Or Industrial Engineering
474,LYCOS,LYCOS,Nan
475,Zomato,Zomato,Internet
476,Arka Mediaworks P Ltd,Arka-Mediaworks-P-Ltd,Entertainment
477,Culture Machine Media Pvt. Ltd,Culture-Machine-Media-Pvt.-Ltd,Marketing & Advertising
478,Creatlive Studios,Creatlive-Studios,Information Technology & Services
479,GRIC Communications,GRIC-Communications,Government Relations
480,Intel Corporation,Intel-Corporation,Semiconductors
481,InFocus,InFocus,Consumer Electronics
482,Oregon Scientific (A member of IDT Group),Oregon-Scientific,Consumer Electronics
483,Deutsche Welle,Deutsche-Welle,Broadcast Media
484,ING Retail Ukraine,ING-Retail-Ukraine,Banking
485,Art Capital,Art-Capital,Investment Banking
486,Pillar | Hill & Knowlton,Pillar-|-Hill-&-Knowlton,Nan
487,Estudio Biagioni,Estudio-Biagioni,Architecture & Planning
488,Quazar Argentina,Quazar-Argentina,Marketing & Advertising
489,Beyond Patagonia,Beyond-Patagonia,Public Relations & Communications
490,MRM//McCann,MRM//McCann,Nan
491,Microsoft Pty Ltd,Microsoft-Pty-Ltd,Computer Software
492,RockSolid,RockSolid,Information Technology & Services
493,Independent Contractor,Independent-Contractor,Nan
494,Thredbo,Thredbo,Hospitality
495,Endeca,Endeca,Computer Software
496,Redstar Ventures,Redstar-Ventures,Venture Capital & Private Equity
497,Monster,Monster,Internet
498,INSCALE Global,INSCALE-Global,Outsourcing/Offshoring
499,Lynx IT,Lynx-IT,Information Technology & Services
500,Hastings Deering,Hastings-Deering,Machinery
501,Netscape,Netscape,Computer Software
502,NNC Group,NNC-Group,Mining & Metals
503,Anson Group,Anson-Group,Investment Management
504,Alpine Data,Alpine-Data,Computer Software
505,University of Washington,University-of-Washington,Higher Education
506,"Alluxio, Inc.",Alluxio-Inc.,Nan
507,Databricks,Databricks,Computer Software
508,University of Birmingham,University-of-Birmingham,Higher Education
509,University of Birmingham Guild of Students,University-of-Birmingham-Guild-of-Students,Education Management
510,FastDeal.pl,FastDeal.pl,Nan
511,THQ,THQ,Computer Games
512,Amaze Entertainment,Amaze-Entertainment,Computer Games
513,Warner Bros. Entertainment Group of Companies,Warner-Bros.-Entertainment-Group-of-Companies,Nan
514,HBO,HBO,Entertainment
515,Robert Hunter & Associates PC,Robert-Hunter-&-Associates-PC,Nan
516,Zions Bank,Zions-Bank,Banking
517,Brigham Young University,Brigham-Young-University,Higher Education
518,Deseret Management Corporation,Deseret-Management-Corporation,Nan
519,Orbital ATK,Orbital-ATK,Internet
520,Korn Ferry,Korn-Ferry,Music
521,NEC Corporation,NEC-Corporation,Information Technology & Services
522,Lexmark,Lexmark,Information Technology & Services
523,Lenovo,Lenovo,Information Technology & Services
524,Consultant/Self employed.,Consultant/Self-employed.,Nan
525,MBC UK Consulting,MBC-UK-Consulting,Telecommunications
526,Independant Consultant,Independant-Consultant,Nan
527,Wimmer Solutions,Wimmer-Solutions,Information Technology & Services
528,T-Mobile,T-Mobile,Telecommunications
529,Logica,Logica,Information Technology & Services
530,Nokia Bell Labs,Nokia-Bell-Labs,Telecommunications
531,CSG International,CSG-International,Civil Engineering
532,Openet,Openet,Telecommunications
533,Convergys,Convergys,Outsourcing/Offshoring
534,Immigration Group PLC,Immigration-Group-PLC,Newspapers
535,Kiandra IT,Kiandra-IT,Information Technology & Services
536,Frank Russell Company,Frank-Russell-Company,Design
537,Puget Sound Chapter of PMI,Puget-Sound-Chapter-of-PMI,Nan
538,VMware,VMware,Computer Software
539,Yelp,Yelp,Nan
540,RCG Global Services,RCG-Global-Services,Information Technology & Services
541,Zensar Technologies,Zensar-Technologies,Information Technology & Services
542,Credit Suisse,Credit-Suisse,Banking
543,KJR Australia,KJR-Australia,Information Technology & Services
544,Doulos for Christ World Harvest Ministry,Doulos-for-Christ-World-Harvest-Ministry,Civic & Social Organization
545,Rajmaha My Design Consultants,Rajmaha-My-Design-Consultants,Nan
546,"Sykes Enterprises, Incorporated",Sykes-Enterprises-Incorporated,Outsourcing/Offshoring
547,Gateways Institute of Science and Technology,Gateways-Institute-of-Science-and-Technology,Electrical & Electronic Manufacturing
548,"Navitaire, an Amadeus company",Navitaire-an-Amadeus-company,Computer Software
549,Talentium Inc. (formerly AppSource Inc.),Talentium-Inc.,Management Consulting
550,Buro88,Buro88,Nan
551,TomTom,TomTom,Information Technology & Services
552,Portland Europe,Portland-Europe,Information Technology & Services
553,Mirabeau,Mirabeau,Nan
554,724 Solutions Software Inc.,724-Solutions-Software-Inc.,Nan
555,Telstra Bigpond,Telstra-Bigpond,Telecommunications
556,St.George Bank,St.George-Bank,Nan
557,Mitchell Madison Group,Mitchell-Madison-Group,Management Consulting
558,Commonwealth Bank,Commonwealth-Bank,Financial Services
559,The University of Queensland,The-University-of-Queensland,Management Consulting
560,Australian and PNG Finance Industry and Government Owned Corporations,Australian-and-PNG-Finance-Industry-and-Government-Owned-Corporations,Printing
561,Emerging Southeast Asian Communities,Emerging-Southeast-Asian-Communities,Investment Banking
562,PNG University of Technology,PNG-University-of-Technology,Education Management
563,OFX,OFX,Financial Services
564,Thinkers Garden,Thinkers-Garden,Information Technology & Services
565,GPR Dehler,GPR-Dehler,Management Consulting
566,Mpower Communications,Mpower-Communications,Information Services
567,"Aristocrat Technologies, Inc.",Aristocrat-Technologies-Inc.,Gambling & Casinos
568,Owtware (Shanghai) Technology Limited,Owtware,Computer Software
569,"Atronic Americas, LLC",Atronic-Americas-LLC,Computer Software
570,"IGT, a subsidiary of International Game Technology PLC",IGT-a-subsidiary-of-International-Game-Technology-PLC,Computer Software
571,U.S. Naval Research Laboratory,U.S.-Naval-Research-Laboratory,Nan
572,University of Illinois at Urbana-Champaign,University-of-Illinois-at-Urbana-Champaign,Higher Education
573,Subliminl,Subliminl,Internet
574,Triton Communications,Triton-Communications,Marketing & Advertising
575,Spectranet (Unofficial Page),Spectranet,Nan
576,airtel,airtel,Telecommunications
577,Level Studios,Level-Studios,Marketing & Advertising
578,Flixster,Flixster,Internet
579,RealNetworks,RealNetworks,Computer Software
580,Spil Games,Spil-Games,Computer Games
581,goodbeans GmbH,goodbeans-GmbH,Internet
582,Wooga,Wooga,Computer Games
583,Epilog,Epilog,Machinery
584,TF1 le Groupe,TF1-le-Groupe,Nan
585,Microsoft France,Microsoft-France,Computer Software
586,Microsoft EMEA,Microsoft-EMEA,Computer Software
587,Field Engineer,Field-Engineer,Media Production
588,BlueSky Networks,BlueSky-Networks,Computer Software
589,Nedbank,Nedbank,Financial Services
590,Artec,Artec,Information Technology & Services
591,Demetri Petropolous,Demetri-Petropolous,Nan
592,Symetrix,Symetrix,Information Technology & Services
593,MICROSOFT SA,MICROSOFT-SA,Computer Software
594,Digiata,Digiata,Information Technology & Services
595,TIBCO Software Inc.,TIBCO-Software-Inc.,Computer Software
596,Wireless Stars,Wireless-Stars,Computer Software
597,"Faculty of Engineering, Alexandria University, Egypt",Faculty-of-Engineering-Alexandria-University-Egypt,Higher Education
598,Webalo,Webalo,Computer Software
599,kkk,kkk,Nan
600,AsianLogic,AsianLogic,Nan
601,IGG,IGG,Computer Games
602,Bolegames,Bolegames,Nan
603,"International Games System CO., LTD.",International-Games-System-CO.-LTD.,Nan
604,IMS Health,IMS-Health,Hospital & Health Care
605,PharmaNet,PharmaNet,Computer Software
606,CommSecure,CommSecure,Information Technology & Services
607,Government of Western Australia - Industry and Technology,Government-of-Western-Australia---Industry-and-Technology,Nan
608,Agilent Technologies,Agilent-Technologies,Biotechnology
609,Government of Western Australia - Treasury and Finance,Government-of-Western-Australia---Treasury-and-Finance,Nan
610,KPMG,KPMG,Accounting
611,Nine Entertainment Co.,Nine-Entertainment-Co.,Broadcast Media
612,Peakhour,Peakhour,Information Technology & Services
613,Azure Property Group,Azure-Property-Group,Management Consulting
614,Gizmo,Gizmo,Nan
615,"LexBlog, Inc.",LexBlog-Inc.,Nan
616,LockerGnome,LockerGnome,Internet
617,SocialWerks Communications,SocialWerks-Communications,Internet
618,"PayScale, Inc.",PayScale-Inc.,Nan
619,Forbes,Forbes,Nan
620,TUNE,TUNE,Computer Software
621,Socialexis,Socialexis,Nan
622,ReadWrite Labs,ReadWrite-Labs,Computer Software
623,Mixpo,Mixpo,Marketing & Advertising
624,AOL,AOL,Internet
625,IP France,IP-France,Marketing & Advertising
626,Tiscali,Tiscali,Telecommunications
627,BLOGBANG,BLOGBANG,Internet
628,Deezer,Deezer,Entertainment
629,Huddle,Huddle,Computer Software
630,Red 5 Studios,Red-5-Studios,Computer Games
631,Cuscal Limited,Cuscal-Limited,Financial Services
632,FAST Search and Transfer,FAST-Search-and-Transfer,Internet
633,Turkoss Inc,Turkoss-Inc,Nan
634,Velatrio Client Engagement,Velatrio-Client-Engagement,Nan
635,Infosys,Infosys,Information Technology & Services
636,Amphora Group,Amphora-Group,Information Technology & Services
637,Trinity Mirror plc,Trinity-Mirror-plc,Information Technology & Services
638,BEAUTYDIRECTORY AU & NZ,BEAUTYDIRECTORY-AU-&-NZ,Nan
639,#NAME?,#NAME?,Nan
640,Pureprofile,Pureprofile,Market Research
641,Beryllium Discovery,Beryllium-Discovery,Nan
642,Emerald Biostructures / Biosystems,Emerald-Biostructures-/-Biosystems,Consumer Electronics
643,Business Objects,Business-Objects,Nan
644,Canon Australia,Canon-Australia,Information Technology & Services
645,InterSystems,InterSystems,Computer Software
646,Open Technologies,Open-Technologies,Information Technology & Services
647,Goetting KG (Germany),Goetting-KG,Nan
648,Avanade,Avanade,Information Technology & Services
649,Cherry-T,Cherry-T,Marketing & Advertising
650,SwissRe,SwissRe,Nan
651,Anheuser-Busch InBev,Anheuser-Busch-InBev,Consumer Goods
652,STAND DESIGN LTD,STAND-DESIGN-LTD,Design
653,Wrigley,Wrigley,Consumer Goods
654,Frucor Suntory,Frucor-Suntory,Nan
655,Oriflame Cosmetics,Oriflame-Cosmetics,Cosmetics
656,My o My Stores,My-o-My-Stores,Nan
657,Hannes Snellman,Hannes-Snellman,Law Practice
658,Guideline,Guideline,Financial Services
659,FCB Global,FCB-Global,Non-profit Organization Management
660,TBWA\Chiat\Day,TBWA\Chiat\Day,Nan
661,Mastercard,Mastercard,Information Technology & Services
662,EY,EY,Nan
663,"Wall Street 101, Bentley College Summer Program",Wall-Street-101-Bentley-College-Summer-Program,Sports
664,C Space,C-Space,Motion Pictures & Film
665,Ministry of Cultural Development,Ministry-of-Cultural-Development,Design
666,Carnegie Mellon University,Carnegie-Mellon-University,Higher Education
667,Global Knowledge,Global-Knowledge,Architecture & Planning
668,Palmhills Developments,Palmhills-Developments,Real Estate
669,Ingazat Information Technology,Ingazat-Information-Technology,Information Technology & Services
670,"MEEZA , Managed IT Services Provider",MEEZA--Managed-IT-Services-Provider,Nan
671,OMS,OMS,Information Technology & Services
672,Digiquest Technologies,Digiquest-Technologies,Information Technology & Services
673,Esfera Inform?­tica,Esfera-Inform?­tica,Political Organization
674,CINQ Technologies,CINQ-Technologies,Information Technology & Services
675,Pantheon,Pantheon,Real Estate
676,University of Minnesota,University-of-Minnesota,Higher Education
677,Boeing,Boeing,Aviation & Aerospace
678,"Simba Technologies, A Magnitude Software?? Company",Simba-Technologies-A-Magnitude-Software??-Company,Nan
679,Creo,Creo,Computer Software
680,Tellus d.o.o.,Tellus-d.o.o.,Real Estate
681,"Tri-Star Electronics International, Inc",Tri-Star-Electronics-International-Inc,Aviation & Aerospace
682,Hitachi Consulting,Hitachi-Consulting,Management Consulting
683,iPro Condition Monitoring,iPro-Condition-Monitoring,Hospital & Health Care
684,Red Man Technologies,Red-Man-Technologies,Information Technology & Services
685,Bytes Technology Group,Bytes-Technology-Group,Internet
686,Investec,Investec,Banking
687,Resolution Media Australia,Resolution-Media-Australia,Marketing & Advertising
688,FirstClick Consulting,FirstClick-Consulting,Marketing & Advertising
689,Performics Australia,Performics-Australia,Marketing & Advertising
690,"U.S. Army, 101st Airborne Division",U.S.-Army-101st-Airborne-Division,Nan
691,Inter.net Japan Ltd.,Inter.net-Japan-Ltd.,Nan
692,Qualys,Qualys,Computer & Network Security
693,KoolSpan,KoolSpan,Computer & Network Security
694,ID.me,ID.me,Internet
695,Sutherland,Sutherland,Nan
696,Tridenttek,Tridenttek,Nan
697,Amazon,Amazon,Internet
698,Nokia Thailand,Nokia-Thailand,Telecommunications
699,Sears Canada,Sears-Canada,Retail
700,Gemma Communications,Gemma-Communications,Outsourcing/Offshoring
701,Bell,Bell,Telecommunications
702,Metafore,Metafore,Information Technology & Services
703,LinkedIn,LinkedIn,Internet
704,"Department of Education, Employment, and Workplace Relations",Department-of-Education-Employment-and-Workplace-Relations,Motion Pictures & Film
705,AIESEC,AIESEC,Non-profit Organization Management
706,Empowering Communities Inc,Empowering-Communities-Inc,Nan
707,Freelancer,Freelancer,Nan
708,Ripple Effect Group Asia Pacific,Ripple-Effect-Group-Asia-Pacific,Management Consulting
709,Aon Hewitt,Aon-Hewitt,Financial Services
710,Uzbek JV ??Buzton?? (Telecommunications),Uzbek-JV-??Buzton??,Nan
711,Fort-Pro Company,Fort-Pro-Company,Consumer Goods
712,SWD Software,SWD-Software,Computer Software
713,Docsvision,Docsvision,Information Technology & Services
714,Razor Consulting Solutions,Razor-Consulting-Solutions,Information Services
715,MilSOFT Yaz?l?m Teknolojileri A.S.,MilSOFT-Yaz?l?m-Teknolojileri-A.S.,Computer Software
716,Minder Software Solutions,Minder-Software-Solutions,Computer Software
717,Honeywell,Honeywell,Electrical & Electronic Manufacturing
718,CGI,CGI,Information Technology & Services
719,Torus,Torus,Non-profit Organization Management
720,StarStone Insurance,StarStone-Insurance,Professional Training & Coaching
721,Neudesic,Neudesic,Information Technology & Services
722,Deloitte/ICS Hong Kong,Deloitte/ICS-Hong-Kong,Nan
723,Hong Kong & China Gas Company (TownGas),Hong-Kong-&-China-Gas-Company,Nan
724,Arthur Andersen Business Consulting,Arthur-Andersen-Business-Consulting,Accounting
725,Regional Boutique SAP/IT Consulting,Regional-Boutique-SAP/IT-Consulting,Airlines/Aviation
726,Fujitsu Global,Fujitsu-Global,Information Technology & Services
727,EDS Asia,EDS-Asia,Nan
728,NCS Group,NCS-Group,Information Technology & Services
729,"BuildingIQ, Inc.",BuildingIQ-Inc.,Nan
730,The Otto Mobile,The-Otto-Mobile,Management Consulting
731,Bit Lagoon,Bit-Lagoon,Information Technology & Services
732,Skype,Skype,Computer Software
733,RBS,RBS,Nan
734,Vanguard Info-Solutions Pvt. Ltd.,Vanguard-Info-Solutions-Pvt.-Ltd.,Financial Services
735,"ArcherMind Technology (Nanjing) Co., Ltd.",ArcherMind-Technology,Nan
736,Saxo Group - India,Saxo-Group---India,Nan
737,Fidelity International,Fidelity-International,Financial Services
738,Hopper Intermedia,Hopper-Intermedia,Internet
739,University of Bremen,University-of-Bremen,Higher Education
740,Sony,Sony,Entertainment
741,Imperial College London,Imperial-College-London,Research
742,Inforsense Ltd,Inforsense-Ltd,Information Technology & Services
743,The Ambassador,The-Ambassador,Non-profit Organization Management
744,Macy's,Macy's,Nan
745,Calvin Klein,Calvin-Klein,Apparel & Fashion
746,Douglas Elliman Real Estate,Douglas-Elliman-Real-Estate,Real Estate
747,Native Creative Art and Language School S.L.,Native-Creative-Art-and-Language-School-S.L.,Professional Training & Coaching
748,The Southwestern,The-Southwestern,Management Consulting
749,Louis Vuitton,Louis-Vuitton,Luxury Goods & Jewelry
750,Archtectural Ceramics,Archtectural-Ceramics,Nan
751,Hewlett-Packard,Hewlett-Packard,Nan
752,Personal Residence,Personal-Residence,Nan
753,Various,Various,Nan
754,"Cozi, Inc.",Cozi-Inc.,Construction
755,Uber,Uber,Marketing & Advertising
756,Auckland DHB,Auckland-DHB,Law Practice
757,PwC,PwC,Accounting
758,Montana Wines Ltd,Montana-Wines-Ltd,Nan
759,Allied Domecq plc,Allied-Domecq-plc,Nan
760,Pernod Ricard,Pernod-Ricard,Wine & Spirits
761,Stalybridge Consulting Ltd,Stalybridge-Consulting-Ltd,Animation
762,The Griffin's Food Company,The-Griffin's-Food-Company,Management Consulting
763,Marist Herne Bay,Marist-Herne-Bay,Defense & Space
764,EMON ELECTRIC S.A.,EMON-ELECTRIC-S.A.,Electrical & Electronic Manufacturing
765,Misys,Misys,Financial Services
766,RedLoopMedia,RedLoopMedia,Nan
767,Anbang Insurance Group,Anbang-Insurance-Group,Nan
768,Thomas Street,Thomas-Street,Computer Software
769,Advance Energy,Advance-Energy,Marketing & Advertising
770,Gibson Quai - AAS Pty Ltd,Gibson-Quai---AAS-Pty-Ltd,Telecommunications
771,The Australian National University,The-Australian-National-University,Management Consulting
772,Xavier Brown Consult,Xavier-Brown-Consult,Computer Software
773,Department of Premier and Cabinet (Tas),Department-of-Premier-and-Cabinet,Government Administration
774,University of Tasmania,University-of-Tasmania,Higher Education
775,Sense-Co,Sense-Co,Consumer Electronics
776,John McGee Consults,John-McGee-Consults,Nan
777,Wikinvest,Wikinvest,Internet
778,One Kings Lane,One-Kings-Lane,Retail
779,Tawkify,Tawkify,Consumer Services
780,Jumpstarter,Jumpstarter,Internet
781,24 Hour Fitness,24-Hour-Fitness,"Health, Wellness & Fitness"
782,Digital Document Solutions,Digital-Document-Solutions,Business Supplies & Equipment
783,Wireless City,Wireless-City,Wireless
784,ING-old,ING-old,Banking
785,Aussie Home Loans Limited,Aussie-Home-Loans-Limited,Financial Services
786,APRA,APRA,Financial Services
787,Unisys,Unisys,Information Technology & Services
788,Suncorp Group,Suncorp-Group,Financial Services
789,PMI Mortgage Insurance Co.,PMI-Mortgage-Insurance-Co.,Financial Services
790,IAG,IAG,Insurance
791,Sequential.,Sequential.,Nan
792,Transport for London,Transport-for-London,Transportation/Trucking/Railroad
793,Bidfood UK,Bidfood-UK,Wholesale
794,PMI Mortgage Insurance Co.,PMI-Mortgage-Insurance-Co.,Financial Services
795,IAG,IAG,Insurance
796,Sequential.,Sequential.,Nan
797,Transport for London,Transport-for-London,Transportation/Trucking/Railroad
798,Bidfood UK,Bidfood-UK,Wholesale
799,MetaPack Group,MetaPack-Group,Computer Software
800,Futurefreight,Futurefreight,Nan
801,"NBCUniversal Media, LLC",NBCUniversal-Media-LLC,Nan
802,Everyday Health Inc.,Everyday-Health-Inc.,Information Technology & Services
803,PT Acer Indonesia,PT-Acer-Indonesia,Computer Hardware
804,"Wilder Endeavors, LLC",Wilder-Endeavors-LLC,Entertainment
805,CompuServe,CompuServe,Internet
806,IconMedialab,IconMedialab,Nan
807,Winston & Strawn LLP,Winston-&-Strawn-LLP,Law Practice
808,Grippo & Elden,Grippo-&-Elden,Law Practice
809,University of Washington School of Law,University-of-Washington-School-of-Law,Higher Education
810,Gartner,Gartner,Information Services
811,NDC/Telstra,NDC/Telstra,Nan
812,Nortel Networks,Nortel-Networks,Telecommunications
813,Verizon Enterprise Solutions,Verizon-Enterprise-Solutions,Information Technology & Services
814,CreativeConvergence,CreativeConvergence,Nan
815,TeleTech,TeleTech,Outsourcing/Offshoring
816,Embratel,Embratel,Telecommunications
817,2-10 Home Buyers Warranty,2-10-Home-Buyers-Warranty,Nan
818,Vectren Communications / Alameda Power & Telecom,Vectren-Communications-/-Alameda-Power-&-Telecom,Nan
819,DoubleClick,DoubleClick,Nan
820,Vercuity,Vercuity,Telecommunications
821,"Dex Media, Inc.",Dex-Media-Inc.,Logistics & Supply Chain
822,Teradata Aster,Teradata-Aster,Information Technology & Services
823,Accenture Services Pvt. Ltd.,Accenture-Services-Pvt.-Ltd.,Information Technology & Services
824,Medsn,Medsn,Pharmaceuticals
825,MD Informatics,MD-Informatics,Information Technology & Services
826,Queanbeyan City Council,Queanbeyan-City-Council,Nan
827,EDS (ATO account),EDS,Nan
828,Australian Government Department of Finance,Australian-Government-Department-of-Finance,Printing
829,Australian Trade and Investment Commission (Austrade),Australian-Trade-and-Investment-Commission,Printing
830,Department of Defence of Australia,Department-of-Defence-of-Australia,Management Consulting
831,"Department of Industry, Innovation and Science",Department-of-Industry-Innovation-and-Science,Motion Pictures & Film
832,Simpson Desert Bike Challenge,Simpson-Desert-Bike-Challenge,Nan
833,ACT Government Shared Services,ACT-Government-Shared-Services,Education Management
834,CallidusCloud,CallidusCloud,Computer Software
835,Quadra Advisory,Quadra-Advisory,Internet
836,Samsung Electronics,Samsung-Electronics,Consumer Electronics
837,ABN AMRO Bank N.V.,ABN-AMRO-Bank-N.V.,Computer Software
838,dealsandyou,dealsandyou,Nan
839,Demo Plus,Demo-Plus,Nan
840,Traffik Group,Traffik-Group,Marketing & Advertising
841,Thread People,Thread-People,Apparel & Fashion
842,Flight Centre Travel Group,Flight-Centre-Travel-Group,Management Consulting
843,Booking.com,Booking.com,Internet
844,Freelance Contract,Freelance-Contract,Translation & Localization
845,TT Fusion,TT-Fusion,Computer Games
846,Team Indus,Team-Indus,Nan
847,QuizWorks,QuizWorks,Events Services
848,bluegape.com,bluegape.com,Nan
849,BlackBerry,BlackBerry,Computer Software
850,MakeMyTrip.com,MakeMyTrip.com,Internet
851,Multiple Companies,Multiple-Companies,Nan
852,Samsung,Samsung,Nan
853,Guavus,Guavus,Computer Software
854,Stony Brook University,Stony-Brook-University,Higher Education
855,Bankers Trust,Bankers-Trust,Financial Services
856,Lehman Brothers,Lehman-Brothers,Capital Markets
857,Rabobank,Rabobank,Banking
858,Fish4jobs,Fish4jobs,Nan
859,Queensland Police Service,Queensland-Police-Service,Law Enforcement
860,Sparq & ENERGEX,Sparq-&-ENERGEX,Staffing & Recruiting
861,QGC,QGC,Oil & Energy
862,Department of Transport and Main Roads,Department-of-Transport-and-Main-Roads,Government Administration
863,Newcrest Mining,Newcrest-Mining,Mining & Metals
864,Origin Energy,Origin-Energy,Oil & Energy
865,CAS AG,CAS-AG,Computer Software
866,BSA Limited.,BSA-Limited.,Non-profit Organization Management
867,Pacific College of Technology,Pacific-College-of-Technology,Education Management
868,Foodworks Cloncurry,Foodworks-Cloncurry,Retail
869,XO Communications,XO-Communications,Telecommunications
870,Equinix,Equinix,Internet
871,Home,Home,Nan
872,Starbucks,Starbucks,Retail
873,Scientech,Scientech,Oil & Energy
874,University of Maryland College Park,University-of-Maryland-College-Park,Nan
875,ImageCorp,ImageCorp,Marketing & Advertising
876,IABG,IABG,Think Tanks
877,Softlab,Softlab,Information Technology & Services
878,Roller Sales and Strategic Consulting,Roller-Sales-and-Strategic-Consulting,Computer Software
879,2Touch (A business acquired by Parseq),2Touch,Outsourcing/Offshoring
880,Barclays,Barclays,Nan
881,BT,BT,Telecommunications
882,McKinsey & Company,McKinsey-&-Company,Management Consulting
883,Intergraph,Intergraph,Computer Software
884,Inventus Consulting Pte. Ltd.,Inventus-Consulting-Pte.-Ltd.,Information Technology & Services
885,Intellectual Ventures,Intellectual-Ventures,Venture Capital & Private Equity
886,Aussie,Aussie,Financial Services
887,Left Field Solutions,Left-Field-Solutions,Nan
888,Australian Football League,Australian-Football-League,Sports
889,Sydney Convention and Exhibition Centre,Sydney-Convention-and-Exhibition-Centre,Events Services
890,The Star Sydney,The-Star-Sydney,Management Consulting
891,SKYCITY Entertainment Group,SKYCITY-Entertainment-Group,Computer Software
892,ClubsNSW,ClubsNSW,Nan
893,Global Gaming Industries,Global-Gaming-Industries,Gambling & Casinos
894,Sydney Swans Ltd,Sydney-Swans-Ltd,Sports
895,Ingram Micro,Ingram-Micro,Information Technology & Services
896,OpenText,OpenText,Computer Software
897,Yazaki North America,Yazaki-North-America,Automotive
898,TechSmith Corporation,TechSmith-Corporation,Computer Software
899,University of Science and Technology of China,University-of-Science-and-Technology-of-China,Research
900,CEOROS,CEOROS,Nan
901,FORTUNA DO BRASIL,FORTUNA-DO-BRASIL,Publishing
902,NEORIS,NEORIS,Information Technology & Services
903,Hyperion Solutions,Hyperion-Solutions,Computer Software
904,ProClarix,ProClarix,Nan
905,aGainSW,aGainSW,Nan
906,HTC,HTC,Consumer Electronics
907,Amrop 2GET,Amrop-2GET,Staffing & Recruiting
908,Makesys F?­brica de Software,Makesys-F?­brica-de-Software,Nan
909,Convection Intelligence,Convection-Intelligence,Information Services
910,Foster Wheeler,Foster-Wheeler,Oil & Energy
911,BG Group,BG-Group,Oil & Energy
912,MSN,MSN,Nan
913,Mozy (EMC Cloud Division),Mozy,Computer Software
914,Bluetooth SIG,Bluetooth-SIG,Wireless
915,Tarsus Distribution,Tarsus-Distribution,Management Consulting
916,Black & Veach/ Pritchard,Black-&-Veach/-Pritchard,Computer Software
917,Isra University,Isra-University,Education Management
918,The Coca-Cola Company,The-Coca-Cola-Company,Food & Beverages
919,The Dow Chemical Company,The-Dow-Chemical-Company,Management Consulting
920,InteQ Corporation,InteQ-Corporation,Information Technology & Services
921,Idea Entity,Idea-Entity,Computer Software
922,Lockheed Martin,Lockheed-Martin,Defense & Space
923,"New Relic, Inc.",New-Relic-Inc.,Management Consulting
924,"Barn2Door, Inc.",Barn2Door-Inc.,Farming
925,Appuri,Appuri,Nan
926,MAQ Software,MAQ-Software,Information Technology & Services
927,Infosys BPO,Infosys-BPO,Information Technology & Services
928,"Ericsson, Ireland",Ericsson-Ireland,Information Technology & Services
929,Ericsson Ireland,Ericsson-Ireland,Information Technology & Services
930,"Electricity Supply Board (ESB), Head Office, Dublin",Electricity-Supply-Board,Industrial Automation
931,The Swedish Computer Society - South Chapter,The-Swedish-Computer-Society---South-Chapter,Management Consulting
932,Navet AB,Navet-AB,Management Consulting
933,Social Focus Consulting,Social-Focus-Consulting,Information Services
934,ACCC,ACCC,Government Administration
935,Department of the Prime Minister and Cabinet,Department-of-the-Prime-Minister-and-Cabinet,Government Administration
936,Department of Communications and the Arts,Department-of-Communications-and-the-Arts,Motion Pictures & Film
937,Oakton,Oakton,Information Technology & Services
938,Campo Santo,Campo-Santo,Entertainment
939,KIXEYE,KIXEYE,Computer Games
940,Fullbright,Fullbright,Nan
941,HCL Technologies (Infrastructure Services Division),HCL-Technologies,Information Technology & Services
942,Tradedoubler,Tradedoubler,Marketing & Advertising
943,Bang Digital Australia,Bang-Digital-Australia,Marketing & Advertising
944,Optimedia US,Optimedia-US,Marketing & Advertising
945,Be Media Group,Be-Media-Group,Marketing & Advertising
946,Baxter International Inc.,Baxter-International-Inc.,Nan
947,Looking Glass Seattle,Looking-Glass-Seattle,Construction
948,Electronic Arts (EA),Electronic-Arts,Computer Games
949,Volt On-Site at Microsoft Game Studios,Volt-On-Site-at-Microsoft-Game-Studios,Staffing & Recruiting
950,Monolith Productions (WB Games),Monolith-Productions,Computer Games
951,Irrational Games,Irrational-Games,Computer Games
952,Aquent,Aquent,Staffing & Recruiting
953,Sucker Punch Productions,Sucker-Punch-Productions,Computer Games
954,Zombie Studios,Zombie-Studios,Computer Games
955,Napster,Napster,Music
956,HUMA Innovative Consultancy,HUMA-Innovative-Consultancy,Nan
957,L'Or??al,L'Or??al,Nan
958,American Express,American-Express,Financial Services
959,L.E.K. Consulting,L.E.K.-Consulting,Nan
960,Data & Caommunication Systems,Data-&-Caommunication-Systems,Public Policy
961,Saks Fifth Avenue,Saks-Fifth-Avenue,Outsourcing/Offshoring
962,Integrated Global Solutions,Integrated-Global-Solutions,Marketing & Advertising
963,Samsung Malaysia,Samsung-Malaysia,Nan
964,Saxons Learning Solutions,Saxons-Learning-Solutions,Information Technology & Services
965,Cpl Jobs Ireland,Cpl-Jobs-Ireland,Staffing & Recruiting
966,KEENAN (Alltech Farming Solutions Ltd),KEENAN,Logistics & Supply Chain
967,Ryanair - Europe's Favourite Airline,Ryanair---Europe's-Favourite-Airline,Airlines/Aviation
968,Asgard Wealth Solutions,Asgard-Wealth-Solutions,Financial Services
969,First Data Corporation,First-Data-Corporation,Financial Services
970,PM-Partners group,PM-Partners-group,Management Consulting
971,IDION,IDION,Nan
972,Cell C,Cell-C,Telecommunications
973,South African Revenue Service (SARS),South-African-Revenue-Service,Internet
974,Barclays Bank,Barclays-Bank,Financial Services
975,Chisa Technologies,Chisa-Technologies,Information Technology & Services
976,Tyro Payments,Tyro-Payments,Financial Services
977,"MINDBODY, Inc.",MINDBODY-Inc.,"Health, Wellness & Fitness"
978,"GlobalData Technology, previously known as Kable Business Intelligence",GlobalData-Technology-previously-known-as-Kable-Business-Intelligence,Information Services
979,eNerds,eNerds,Information Technology & Services
980,Sinclair Recruitment,Sinclair-Recruitment,Human Resources
981,The Feature (Nokia),The-Feature,Management Consulting
982,Phone Scoop,Phone-Scoop,Nan
983,Nextbit Systems,Nextbit-Systems,Information Technology & Services
984,"SSI Technologies, India",SSI-Technologies-India,Security & Investigations
985,"SSI Technologies, UK",SSI-Technologies-UK,Security & Investigations
986,Kaveri Communications Pvt Ltd,Kaveri-Communications-Pvt-Ltd,Nan
987,BPO Channel Pvt Ltd,BPO-Channel-Pvt-Ltd,Outsourcing/Offshoring
988,Tech Mahindra (formerly Mahindra Satyam),Tech-Mahindra,Information Technology & Services
989,Bottega,Bottega,Hospitality
990,CM Tech,CM-Tech,Furniture
991,SHM Interactive,SHM-Interactive,Management Consulting
992,CMD,CMD,Marketing & Advertising
993,"TNG, Inc.",TNG-Inc.,Staffing & Recruiting
994,Creative Circle,Creative-Circle,Staffing & Recruiting
995,Summit Projects,Summit-Projects,Design
996,Nike,Nike,Sporting Goods
997,PMX Agency,PMX-Agency,Marketing & Advertising
998,Medibank,Medibank,Insurance
999,DiUS,DiUS,Nan
1000,USA Self Employed,USA-Self-Employed,Music
1001,Visiting Nurse Association,Visiting-Nurse-Association,"Health, Wellness & Fitness"
1002,Wells Fargo,Wells-Fargo,Higher Education
1003,"Charis Solutions, LLC",Charis-Solutions-LLC,Internet
1004,Intellinet,Intellinet,Information Technology & Services
1005,everis Chile,everis-Chile,Information Technology & Services
1006,CETIUC,CETIUC,Information Technology & Services
1007,Pontificia Universidad Cat??lica de Chile,Pontificia-Universidad-Cat??lica-de-Chile,Nan
1008,Geo Tv Network,Geo-Tv-Network,Broadcast Media
1009,"Channel Tek - premium system integrator for Television, Digital Cinema and Satellite Broadcast.",Channel-Tek---premium-system-integrator-for-Television-Digital-Cinema-and-Satellite-Broadcast.,Internet
1010,Smiley Media,Smiley-Media,Internet
1011,Institute of Business Administration,Institute-of-Business-Administration,Higher Education
1012,BIW Inc.,BIW-Inc.,Non-profit Organization Management
1013,Harris Corporation,Harris-Corporation,Defense & Space
1014,Bangkok Trade Point,Bangkok-Trade-Point,Nan
1015,Infinity IT Success Ltd.,Infinity-IT-Success-Ltd.,Management Consulting
1016,Agoda,Agoda,Internet
1017,AIV Thailand,AIV-Thailand,Computer Games
1018,Thomson Reuters,Thomson-Reuters,Information Technology & Services
1019,NEP Australia Pty Ltd,NEP-Australia-Pty-Ltd,Entertainment
1020,AGC Advisory,AGC-Advisory,Accounting
1021,Brennan IT,Brennan-IT,Architecture & Planning
1022,BBC Promotions,BBC-Promotions,Broadcast Media
1023,BBC,BBC,Broadcast Media
1024,BBC Creative Services,BBC-Creative-Services,Broadcast Media
1025,BBC Interactive TV,BBC-Interactive-TV,Broadcast Media
1026,BBC Childrens Interactive TV,BBC-Childrens-Interactive-TV,Broadcast Media
1027,BBC Interactive Drama and Entertainment,BBC-Interactive-Drama-and-Entertainment,Broadcast Media
1028,BBC Multiplatform Studio,BBC-Multiplatform-Studio,Broadcast Media
1029,BBC Multiplatform Entertainment,BBC-Multiplatform-Entertainment,Broadcast Media
1030,Round Table Games Studio,Round-Table-Games-Studio,Nan
1031,Frankfurt Marriott Hotel,Frankfurt-Marriott-Hotel,Hospitality
1032,Marriott International,Marriott-International,Hospitality
1033,Performance Solutions,Performance-Solutions,Professional Training & Coaching
1034,Department of Employment and Workplace Relations (DEWR),Department-of-Employment-and-Workplace-Relations,Motion Pictures & Film
1035,Unique World Software,Unique-World-Software,Human Resources
1036,Unique World,Unique-World,Human Resources
1037,TBG Digital,TBG-Digital,Marketing & Advertising
1038,Prism Entertainment,Prism-Entertainment,Graphic Design
1039,Switch Concepts,Switch-Concepts,Information Technology & Services
1040,Telesul,Telesul,Telecommunications
1041,Kantar IBOPE Media,Kantar-IBOPE-Media,Market Research
1042,Terlizzi,Terlizzi,Restaurants
1043,Bank BPH/PBK,Bank-BPH/PBK,Nan
1044,Jubilant Pharmaceuticals,Jubilant-Pharmaceuticals,Pharmaceuticals
1045,Newgen Software,Newgen-Software,Information Technology & Services
1046,SeeYourImpact Technologies,SeeYourImpact-Technologies,Nan
1047,Blizzard Entertainment,Blizzard-Entertainment,Entertainment
1048,NewSky Security Inc,NewSky-Security-Inc,Information Technology & Services
1049,iHorizons,iHorizons,Information Technology & Services
1050,SIRCA Ltd,SIRCA-Ltd,Research
1051,Stanford University,Stanford-University,Higher Education
1052,MemCachier,MemCachier,Information Technology & Services
1053,XSeed Capital,XSeed-Capital,Venture Capital & Private Equity
1054,"MSN Communications, a TDS Company",MSN-Communications-a-TDS-Company,Nan
1055,Dish Network,Dish-Network,Telecommunications
1056,IntelliGauge Inc.,IntelliGauge-Inc.,Information Technology & Services
1057,CForceDrive,CForceDrive,Nan
1058,Bonasource,Bonasource,Computer Software
1059,Manzana Group,Manzana-Group,Information Technology & Services
1060,TNK BP,TNK-BP,Nan
1061,Technosoft SEA Pte.Ltd,Technosoft-SEA-Pte.Ltd,Automotive
1062,incadea - A Cox Automotive Brand,incadea---A-Cox-Automotive-Brand,Information Technology & Services
1063,THE TRITON REVIEW NEWSPAPER,THE-TRITON-REVIEW-NEWSPAPER,Management Consulting
1064,CHANEL,CHANEL,Luxury Goods & Jewelry
1065,The University of Akron,The-University-of-Akron,Higher Education
1066,Larsen & Toubro Infotech Ltd,Larsen-&-Toubro-Infotech-Ltd,Graphic Design
1067,Kodiak,Kodiak,Telecommunications
1068,Optus,Optus,Telecommunications
1069,Hutchison Telecoms,Hutchison-Telecoms,Telecommunications
1070,oOh!,oOh!,Nan
1071,SyncSoft,SyncSoft,Computer Software
1072,AGL Energy,AGL-Energy,Utilities
1073,Sun Microsystems Australia,Sun-Microsystems-Australia,Market Research
1074,Cisco,Cisco,Computer Networking
1075,ASG Group,ASG-Group,Computer Software
1076,"Stonehand, Inc.",Stonehand-Inc.,Nan
1077,"Spyglass, Inc.",Spyglass-Inc.,Nan
1078,Metaplates,Metaplates,Nan
1079,Barnes & Noble,Barnes-&-Noble,Retail
1080,Nintendo,Nintendo,Computer Games
1081,"Ameriprise Financial Services, Inc.",Ameriprise-Financial-Services-Inc.,Nan
1082,Volt,Volt,Staffing & Recruiting
1083,Procurestaff,Procurestaff,Nan
1084,Vungle,Vungle,Marketing & Advertising
1085,Myself Only; Self-Employed,Myself-Only;-Self-Employed,Nan
1086,Prestige-auto,Prestige-auto,Automotive
1087,Rubicon,Rubicon,Information Technology & Services
1088,Thirty Three,Thirty-Three,Design
1089,Advertising Energy,Advertising-Energy,Marketing & Advertising
1090,Havas,Havas,Marketing & Advertising
1091,Elastic Brands,Elastic-Brands,Marketing & Advertising
1092,PeopleScout Asia Pacific,PeopleScout-Asia-Pacific,Staffing & Recruiting
1093,Talent2,Talent2,Staffing & Recruiting
1094,Multimap,Multimap,Internet
1095,eSpace,eSpace,Information Technology & Services
1096,Showpad,Showpad,Computer Software
1097,Postmates,Postmates,Internet
1098,Pomona - France,Pomona---France,Wholesale
1099,Hector Larivee - Canada,Hector-Larivee---Canada,E-learning
1100,Oberthur Gaming Technologies - Canada,Oberthur-Gaming-Technologies---Canada,Management Consulting
1101,Crocodile Delights,Crocodile-Delights,Information Technology & Services
1102,WRQ,WRQ,Nan
1103,Infospace,Infospace,Internet
1104,Vulcan Inc.,Vulcan-Inc.,Executive Office
1105,Motricity,Motricity,Wireless
1106,Bonaventure Senior Living,Bonaventure-Senior-Living,Hospital & Health Care
1107,Washington Health Alliance,Washington-Health-Alliance,Hospital & Health Care
1108,African Bottling Operations PEPSI International,African-Bottling-Operations-PEPSI-International,Nan
1109,Libyan Qatari Bank ( LQB ),Libyan-Qatari-Bank,Nan
1110,EDS UK,EDS-UK,Nan
1111,Vodafone Ireland,Vodafone-Ireland,Telecommunications
1112,Micrsoft Ireland,Micrsoft-Ireland,Nan
1113,Clara Consultants Ltd,Clara-Consultants-Ltd,Marketing & Advertising
1114,Clear 2 Pay,Clear-2-Pay,Environmental Services
1115,Revolution IT,Revolution-IT,Information Technology & Services
1116,Sydney Water,Sydney-Water,Utilities
1117,Travelex,Travelex,Financial Services
1118,Aimia Inc,Aimia-Inc,Marketing & Advertising
1119,Revolution IT Ltd,Revolution-IT-Ltd,Information Technology & Services
1120,Serco Group plc,Serco-Group-plc,Information Technology & Services
1121,Jaguar Land Rover,Jaguar-Land-Rover,Automotive
1122,Serco,Serco,Information Technology & Services
1123,Wealth Wizards,Wealth-Wizards,Nan
1124,Delta Finance,Delta-Finance,Management Consulting
1125,Secure Trust Bank PLC,Secure-Trust-Bank-PLC,Nan
1126,Equity Release,Equity-Release,Nan
1127,Intercom Ltda,Intercom-Ltda,Internet
1128,Software Development Consultant,Software-Development-Consultant,Nan
1129,Contractor,Contractor,Marketing & Advertising
1130,Kiwibank,Kiwibank,Banking
1131,Orange,Orange,Telecommunications
1132,Criteo,Criteo,Internet
1133,Les Bretelles de Leon,Les-Bretelles-de-Leon,Apparel & Fashion
1134,Calsoft,Calsoft,Computer Software
1135,Citrix,Citrix,Computer Software
1136,Swire Pacific Offshore,Swire-Pacific-Offshore,Maritime
1137,Swire Shipping,Swire-Shipping,Maritime
1138,BPAY,BPAY,Nan
1139,Quixey,Quixey,Internet
1140,"California State University, Chico",California-State-University-Chico,Higher Education
1141,K5_Ventures,K5_Ventures,Nan
1142,Soul id Inc.,Soul-id-Inc.,Telecommunications
1143,BP,BP,Oil & Energy
1144,Uniting Healthcare - St Andrews War Memorial Hospital,Uniting-Healthcare---St-Andrews-War-Memorial-Hospital,Nan
1145,Directions Technology,Directions-Technology,Information Technology & Services
1146,Ray White Retail,Ray-White-Retail,Consumer Electronics
1147,Swirl Sniff Spit,Swirl-Sniff-Spit,Marketing & Advertising
1148,Fairfax Media,Fairfax-Media,Online Media
1149,Inkwell Wines,Inkwell-Wines,Music
1150,Cru Bar & Cellar,Cru-Bar-&-Cellar,Mining & Metals
1151,Domaine Chandon Australia,Domaine-Chandon-Australia,Wine & Spirits
1152,Pipers Brook Vineyard ,Pipers-Brook-Vineyard-,Law Practice
1153,Heart & Soil Wines,Heart-&-Soil-Wines,Food & Beverages
1154,Insight,Insight,Information Technology & Services
1155,MRI Software,MRI-Software,Defense & Space
1156,ABC Technologies,ABC-Technologies,Computer Software
1157,Silversands,Silversands,Information Technology & Services
1158,Periphonics Corporation,Periphonics-Corporation,Telecommunications
1159,Halo America L.L.C.,Halo-America-L.L.C.,Real Estate
1160,ICFAI Business School,ICFAI-Business-School,Education Management
1161,Iprocess,Iprocess,Research
1162,Cymbal Corporation,Cymbal-Corporation,Information Technology & Services
1163,Webhelp Global Services,Webhelp-Global-Services,Outsourcing/Offshoring
1164,Transworks,Transworks,Information Technology & Services
1165,Texas Dept. of Human Services,Texas-Dept.-of-Human-Services,Nan
1166,Cycorp,Cycorp,Computer Software
1167,Parse,Parse,Computer Software
1168,TDC,TDC,Nan
1169,CommWyse,CommWyse,Telecommunications
1170,SITA WorkBridge,SITA-WorkBridge,Information Technology & Services
1171,Nordisk Copyright Bureau,Nordisk-Copyright-Bureau,Sporting Goods
1172,Network of Music Partners A/S,Network-of-Music-Partners-A/S,Information Technology & Services
1173,Institut Sukan Negara Malaysia,Institut-Sukan-Negara-Malaysia,Sports
1174,Prudenz Consulting,Prudenz-Consulting,Management Consulting
1175,Monarch Recruitment Ltd,Monarch-Recruitment-Ltd,Staffing & Recruiting
1176,Sigmar Recruitment,Sigmar-Recruitment,Staffing & Recruiting
1177,Sherry FitzGerald,Sherry-FitzGerald,Real Estate
1178,Home Instead Senior Care,Home-Instead-Senior-Care,Individual & Family Services
1179,"Tsunami Technology, Inc.",Tsunami-Technology-Inc.,Nan
1180,EDS Australia Pty Ltd.,EDS-Australia-Pty-Ltd.,Nan
1181,OBS,OBS,Information Technology & Services
1182,Empired Ltd,Empired-Ltd,Information Technology & Services
1183,United Nations,United-Nations,International Affairs
1184,"NSNL, Inc.",NSNL-Inc.,Nan
1185,SIIA (Software & Information Industry Association),SIIA,Information Technology & Services
1186,J.P. Morgan,J.P.-Morgan,Nan
1187,BlackRock,BlackRock,Financial Services
1188,Dorm Room Fund,Dorm-Room-Fund,Venture Capital & Private Equity
1189,"LSR Consulting Solutions, LLC",LSR-Consulting-Solutions-LLC,Nan
1190,Deluxe Entertainment Services Group,Deluxe-Entertainment-Services-Group,Financial Services
1191,Garuda Force,Garuda-Force,Computer Games
1192,Tampere University of Technology,Tampere-University-of-Technology,Higher Education
1193,Image Quest,Image-Quest,Graphic Design
1194,Human Dynamics,Human-Dynamics,E-learning
1195,E.L. Bailer,E.L.-Bailer,Nan
1196,The University of Kansas,The-University-of-Kansas,Management Consulting
1197,Barkley,Barkley,Marketing & Advertising
1198,Duke University,Duke-University,Higher Education
1199,YearMovie,YearMovie,Computer Software
1200,Method Engine,Method-Engine,Internet
1201,TEAGUE,TEAGUE,Design
1202,Bluestreak Technology,Bluestreak-Technology,Broadcast Media
1203,Eidos-Montr??al,Eidos-Montr??al,Marketing & Advertising
1204,Cornerstone OnDemand,Cornerstone-OnDemand,Computer Software
1205,STMicroelectronics,STMicroelectronics,Semiconductors
1206,Robert Bosch Engineering and Business Solutions Ltd.,Robert-Bosch-Engineering-and-Business-Solutions-Ltd.,Nan
1207,Cornell University,Cornell-University,Higher Education
1208,University of Michigan,University-of-Michigan,Higher Education
1209,"North American Lighting, Inc.",North-American-Lighting-Inc.,Marketing & Advertising
1210,Federal Signal Corporation,Federal-Signal-Corporation,Machinery
1211,Radiant Vision Systems,Radiant-Vision-Systems,Electrical & Electronic Manufacturing
1212,"Orb Optronix, Inc.",Orb-Optronix-Inc.,Electrical & Electronic Manufacturing
1213,Micron Technology,Micron-Technology,Semiconductors
1214,Nokia / Global sourcing,Nokia-/-Global-sourcing,Telecommunications
1215,Recruit Express Pte Ltd,Recruit-Express-Pte-Ltd,Information Services
1216,STOMP (Student Teacher Outreach Mentorship Program),STOMP,Entertainment
1217,MITRE,MITRE,Information Technology & Services
1218,WhichBus,WhichBus,Nan
1219,MovingWorlds,MovingWorlds,Civic & Social Organization
1220,N' Propret?? Environnement Industrielle,N'-Propret??-Environnement-Industrielle,Nan
1221,Nell & Associ??s,Nell-&-Associ??s,Nan
1222,Ricoh Australia,Ricoh-Australia,Information Technology & Services
1223,Ex - Ricoh,Ex---Ricoh,Nan
1224,Skupina Atlantis,Skupina-Atlantis,Nan
1225,Plivo,Plivo,Nan
1226,Melbourne Business School,Melbourne-Business-School,Higher Education
1227,Midas Engineering Group,Midas-Engineering-Group,Luxury Goods & Jewelry
1228,Equilibrium - Digital Agency,Equilibrium---Digital-Agency,Individual & Family Services
1229,Team Visible,Team-Visible,Nan
1230,Microsoft Research,Microsoft-Research,Computer Software
1231,Directi,Directi,Internet
1232,Mobile Messenger,Mobile-Messenger,Telecommunications
1233,ANZ,ANZ,Banking
1234,Lab49,Lab49,Computer Software
1235,Flex,Flex,Human Resources
1236,Surreal Software,Surreal-Software,Computer Games
1237,Midway Games,Midway-Games,Computer Games
1238,Sublime Edge Pragmatic Solutions Pvt Ltd (SEPSPL),Sublime-Edge-Pragmatic-Solutions-Pvt-Ltd,Information Technology & Services
1239,Thomson Local,Thomson-Local,Real Estate
1240,Sensis,Sensis,Marketing & Advertising
1241,Xero,Xero,Computer Software
1242,Telstra,Telstra,Telecommunications
1243,iStreamPlanet,iStreamPlanet,Nan
1244,Qisda corporation,Qisda-corporation,Electrical & Electronic Manufacturing
1245,50 Percent Grey,50-Percent-Grey,Design
1246,BelloMano Premium Soaps and Gifts.,BelloMano-Premium-Soaps-and-Gifts.,Nan
1247,Cingular,Cingular,Telecommunications
1248,drugstore.com,drugstore.com,Retail
1249,Beauty.com,Beauty.com,Nan
1250,"Caradigm, a GE Healthcare company",Caradigm-a-GE-Healthcare-company,Information Technology & Services
1251,Flint Marketing Services,Flint-Marketing-Services,Nan
1252,360,360,Nan
1253,McGregors International,McGregors-International,Public Relations & Communications
1254,Edelman,Edelman,Marketing & Advertising
1255,Porter Novelli,Porter-Novelli,Public Relations & Communications
1256,CBS Interactive,CBS-Interactive,Online Media
1257,Leading Brands and Communications Agencies,Leading-Brands-and-Communications-Agencies,"Leisure, Travel & Tourism"
1258,Foxtel,Foxtel,Broadcast Media
1259,Digivizer,Digivizer,Information Technology & Services
1260,Sitecore,Sitecore,Computer Software
1261,Tripsoz,Tripsoz,Nan
1262,RB,RB,Government Administration
1263,The World Bank,The-World-Bank,International Trade & Development
1264,Booz Allen Hamilton,Booz-Allen-Hamilton,Management Consulting
1265,"Mattel, Inc.",Mattel-Inc.,Consumer Goods
1266,KPN,KPN,Telecommunications
1267,Nord Data,Nord-Data,Nan
1268,Saudi Aramco,Saudi-Aramco,Oil & Energy
1269,Trident Technology Applications,Trident-Technology-Applications,Packaging & Containers
1270,Entertainment Technology Center,Entertainment-Technology-Center,Higher Education
1271,PlayNext; Gameflip; EsportsPlus.me,PlayNext;-Gameflip;-EsportsPlus.me,Nan
1272,AVANADE ASIA PTE LTD,AVANADE-ASIA-PTE-LTD,Information Technology & Services
1273,Sybase,Sybase,Computer Software
1274,"Kony, Inc.",Kony-Inc.,Nan
1275,Protegic,Protegic,Information Technology & Services
1276,Proactiv Payroll,Proactiv-Payroll,Human Resources
1277,L3 Technologies,L3-Technologies,Nan
1278,"NCI, Inc.",NCI-Inc.,Publishing
1279,Virtusa,Virtusa,Information Technology & Services
1280,Wyndgate Technologies,Wyndgate-Technologies,Medical Device
1281,Cerner Corporation,Cerner-Corporation,Information Technology & Services
1282,iSOFT,iSOFT,Computer Software
1283,Telstra Health,Telstra-Health,Telecommunications
1284,Anspire Agency??,Anspire-Agency??,Information Technology & Services
1285,Nielsen,Nielsen,Information Technology & Services
1286,IFUA Horv?­th & Partners Management Consultants,IFUA-Horv?­th-&-Partners-Management-Consultants,Nan
1287,Atena Consultores / Motorola,Atena-Consultores-/-Motorola,Computer Software
1288,seleRED,seleRED,Program Development
1289,Sermicro,Sermicro,Information Technology & Services
1290,Alba Technology,Alba-Technology,Computer Software
1291,Randstad Espa?ña,Randstad-Espa?ña,Human Resources
1292,EDGE3 Technologies,EDGE3-Technologies,Nan
1293,NETSCOUT,NETSCOUT,Computer Networking
1294,PointStar Pte Ltd,PointStar-Pte-Ltd,Nan
1295,PT. Ebiz Cipta Solusi,PT.-Ebiz-Cipta-Solusi,Information Technology & Services
1296,Panzura,Panzura,Computer Software
1297,"Spinweb Productions, Inc.",Spinweb-Productions-Inc.,Information Technology & Services
1298,Asia Pacific College Rams Alumni Association,Asia-Pacific-College-Rams-Alumni-Association,Nan
1299,Rocket Concepts,Rocket-Concepts,Human Resources
1300,Lendsoft Solutions Inc.,Lendsoft-Solutions-Inc.,Nan
1301,Asia Pacific College,Asia-Pacific-College,Higher Education
1302,AffinityX,AffinityX,Graphic Design
1303,Magnet Interactive,Magnet-Interactive,Internet
1304,AKQA/Magnet,AKQA/Magnet,Nan
1305,FASA Interactive / VGL Labs,FASA-Interactive-/-VGL-Labs,Higher Education
1306,Rapid Prototyper / Senior Software Designer,Rapid-Prototyper-/-Senior-Software-Designer,Nan
1307,BTC,BTC,Telecommunications
1308,Ajilon,Ajilon,Staffing & Recruiting
1309,Aon,Aon,Financial Services
1310,Ericsson Nikola Tesla,Ericsson-Nikola-Tesla,Information Technology & Services
1311,VVG & Microsoft,VVG-&-Microsoft,Investment Management
1312,Mercury Processing Services International,Mercury-Processing-Services-International,Financial Services
1313,BoatBooker,BoatBooker,Nan
1314,StreetKet,StreetKet,Nan
1315,I.P.T. d.o.o.,I.P.T.-d.o.o.,Nan
1316,Mobendo,Mobendo,Nan
1317,Mogy,Mogy,"Health, Wellness & Fitness"
1318,Raya Software,Raya-Software,Computer Software
1319,Micka Studios,Micka-Studios,Computer Games
1320,LucasArts,LucasArts,Nan
1321,DigiPen Institute of Technology,DigiPen-Institute-of-Technology,Higher Education
1322,Fun Bits Interactive,Fun-Bits-Interactive,Computer Games
1323,myKB.com,myKB.com,Nan
1324,EventDay,EventDay,Computer Software
1325,Dekker Sport Party en Congrescentrum Zoetermeer,Dekker-Sport-Party-en-Congrescentrum-Zoetermeer,Nan
1326,Capgemini Consulting,Capgemini-Consulting,Information Technology & Services
1327,SHV Holdings N.V.,SHV-Holdings-N.V.,Financial Services
1328,AMD,AMD,Semiconductors
1329,Gilbarco Veeder-Root,Gilbarco-Veeder-Root,Oil & Energy
1330,University of Southern Denmark,University-of-Southern-Denmark,Higher Education
1331,Baan,Baan,Computer Software
1332,Mondosoft,Mondosoft,Computer Software
1333,Barclays Investment Bank,Barclays-Investment-Bank,Financial Services
1334,Boston University,Boston-University,Higher Education
1335,Siemens Healthineers,Siemens-Healthineers,Hospital & Health Care
1336,ReplayTV,ReplayTV,Consumer Electronics
1337,"LSI, an Avago Technologies Company",LSI-an-Avago-Technologies-Company,Printing
1338,Netflix,Netflix,Entertainment
1339,Voicebox Technologies Corporation,Voicebox-Technologies-Corporation,Music
1340,IKEA Group,IKEA-Group,Retail
1341,Ciklum,Ciklum,Information Technology & Services
1342,"University of California, Berkeley",University-of-California-Berkeley,Nan
1343,SolarCity,SolarCity,Renewables & Environment
1344,Tesla,Tesla,Electrical & Electronic Manufacturing
1345,WebMD,WebMD,Internet
1346,Disney Corporation,Disney-Corporation,Nan
1347,aQuantive,aQuantive,Marketing & Advertising
1348,Bruno Appliance Corporation,Bruno-Appliance-Corporation,Electrical & Electronic Manufacturing
1349,Computerland,Computerland,Information Technology & Services
1350,Ocean County Vocational Technical School,Ocean-County-Vocational-Technical-School,Information Technology & Services
1351,Microsoft Advanced Analytics,Microsoft-Advanced-Analytics,Computer Software
1352,Velatrio,Velatrio,Nan
1353,Bridge Partners Consulting,Bridge-Partners-Consulting,Management Consulting
1354,Education Nationale,Education-Nationale,Public Policy
1355,Centre National d'??tudes Spatiales,Centre-National-d'??tudes-Spatiales,Nan
1356,ESTACA,ESTACA,Aviation & Aerospace
1357,Capital Group | American Funds,Capital-Group-|-American-Funds,Market Research
1358,NODS SARL,NODS-SARL,Information Technology & Services
1359,Integration,Integration,Nan
1360,Accent,Accent,Semiconductors
1361,ALTEA SpA,ALTEA-SpA,Computer Software
1362,UBP - Union Bancaire Priv??e,UBP---Union-Bancaire-Priv??e,Banking
1363,HSBC Private Banking,HSBC-Private-Banking,Financial Services
1364,Pictet Group,Pictet-Group,Banking
1365,Gottex Fund Management,Gottex-Fund-Management,Nan
1366,S3 - Swiss Space Systems,S3---Swiss-Space-Systems,Aviation & Aerospace
1367,SYZ Group,SYZ-Group,Financial Services
1368,Galeries Lafayette,Galeries-Lafayette,Retail
1369,Association Le Viking,Association-Le-Viking,Nan
1370,Bureau des Sports de Rouen Business School,Bureau-des-Sports-de-Rouen-Business-School,Management Consulting
1371,L'Escabeau French Kitchen,L'Escabeau-French-Kitchen,Civic & Social Organization
1372,Parfums Christian Dior,Parfums-Christian-Dior,Cosmetics
1373,Sarenza,Sarenza,Retail
1374,TVB.COM Limited,TVB.COM-Limited,Online Media
1375,Hewlett Packard (Canada) Co.,Hewlett-Packard,Nan
1376,Hewlett Packard (Compaq Canada Inc.),Hewlett-Packard,Nan
1377,Acrodex,Acrodex,Information Technology & Services
1378,Speakeasy,Speakeasy,Telecommunications
1379,Israel Electric Company,Israel-Electric-Company,Electrical & Electronic Manufacturing
1380,MalamTeam,MalamTeam,Nan
1381,University of Tehran ACM Student Chapter,University-of-Tehran-ACM-Student-Chapter,Nan
1382,Institute for Research in Fundamental Sciences (IPM),Institute-for-Research-in-Fundamental-Sciences,Nan
1383,Summer of Code,Summer-of-Code,Computer Software
1384,Fondazione Bruno Kessler - FBK,Fondazione-Bruno-Kessler---FBK,Nan
1385,MIT Lincoln Laboratory,MIT-Lincoln-Laboratory,Defense & Space
1386,"Department of Computer Science, The University of Texas at Austin",Department-of-Computer-Science-The-University-of-Texas-at-Austin,Higher Education
1387,NIIT Limited,NIIT-Limited,Education Management
1388,"Termination Site , Inc. ",Termination-Site--Inc.-,Nan
1389,Clearswift,Clearswift,Computer & Network Security
1390,Micro Focus,Micro-Focus,Computer Software
1391,National Australia Bank,National-Australia-Bank,Banking
1392,Modapt,Modapt,Information Technology & Services
1393,Javascript Application Consultants,Javascript-Application-Consultants,Nan
1394,InfoTech Group,InfoTech-Group,Information Technology & Services
1395,Philips,Philips,Hospital & Health Care
1396,Amcom,Amcom,Information Technology & Services
1397,Michael Page,Michael-Page,Staffing & Recruiting
1398,SRI International,SRI-International,Research
1399,Mozilla,Mozilla,Computer Software
1400,Bessemer Venture Partners,Bessemer-Venture-Partners,Venture Capital & Private Equity
1401,ACADINE Technologies,ACADINE-Technologies,Computer Software
1402,"Proximities, Inc.",Proximities-Inc.,Computer Software
1403,George Mason University,George-Mason-University,Higher Education
1404,Berkeley Lab,Berkeley-Lab,Animation
1405,Misr American College,Misr-American-College,Research
1406,GHD,GHD,Civil Engineering
1407,Etisalat Misr,Etisalat-Misr,Telecommunications
1408,King Saud University,King-Saud-University,Higher Education
1409,First Advantage,First-Advantage,Human Resources
1410,Greentongue Software,Greentongue-Software,Computer Software
1411,PayPal,PayPal,Internet
1412,XOMNI,XOMNI,Computer Software
1413,Waseel ASP Ltd.,Waseel-ASP-Ltd.,Information Technology & Services
1414,Zain KSA,Zain-KSA,Telecommunications
1415,Wireless Advocates,Wireless-Advocates,Wireless
1416,Rainmaker,Rainmaker,Information Technology & Services
1417,"Telogis, A Verizon Company",Telogis-A-Verizon-Company,Computer Software
1418,TeamNetcom LTD,TeamNetcom-LTD,Nan
1419,MIPS by Imagination Technologies,MIPS-by-Imagination-Technologies,Information Technology & Services
1420,The University of British Columbia,The-University-of-British-Columbia,Higher Education
1421,Coho Data,Coho-Data,Computer Software
1422,Universidade Federal de Minas Gerais,Universidade-Federal-de-Minas-Gerais,Nan
1423,Radix Engenharia e Software,Radix-Engenharia-e-Software,Information Technology & Services
1424,University of Wisconsin-Madison,University-of-Wisconsin-Madison,Higher Education
1425,IBM Global Services,IBM-Global-Services,Information Technology & Services
1426,Coca-Cola FEMSA,Coca-Cola-FEMSA,Food & Beverages
1427,Williams Commerce Technology PVT. LTD,Williams-Commerce-Technology-PVT.-LTD,Machinery
1428,WordStorm PR,WordStorm-PR,Public Relations & Communications
1429,ProForce,ProForce,Staffing & Recruiting
1430,Precio,Precio,Information Technology & Services
1431,Pro4u,Pro4u,Information Technology & Services
1432,Nest,Nest,Information Technology & Services
1433,Deloitte Consulting,Deloitte-Consulting,Management Consulting
1434,Ralph Lauren,Ralph-Lauren,Apparel & Fashion
1435,Motorola Mobility (a Lenovo Company),Motorola-Mobility,Consumer Electronics
1436,Linkmedia,Linkmedia,Internet
1437,17.Media,17.Media,Nan
1438,Marand d.o.o.,Marand-d.o.o.,Computer Software
1439,Nova KBM d.d.,Nova-KBM-d.d.,Human Resources
1440,Mediamix d.o.o.,Mediamix-d.o.o.,Marketing & Advertising
1441,Comtron d.o.o.,Comtron-d.o.o.,Nan
1442,Avtenta d.o.o.,Avtenta-d.o.o.,Information Technology & Services
1443,NHS,NHS,Hospital & Health Care
1444,University of Strathclyde,University-of-Strathclyde,Higher Education
1445,Bumrungrad International Hospital,Bumrungrad-International-Hospital,Nan
1446,Global Care Solutions,Global-Care-Solutions,Computer Software
1447,McKesson,McKesson,Hospital & Health Care
1448,System C Healthcare,System-C-Healthcare,Information Technology & Services
1449,Cliente de Yara Cianci,Cliente-de-Yara-Cianci,Management Consulting
1450,Raox Tecnologia,Raox-Tecnologia,Information Technology & Services
1451,Cinemark,Cinemark,Entertainment
1452,"Seven Seas Co., Ltd",Seven-Seas-Co.-Ltd,Design
1453,Mind Gym,Mind-Gym,Professional Training & Coaching
1454,Atos Consulting,Atos-Consulting,Information Technology & Services
1455,Mint Management Technologies,Mint-Management-Technologies,Marketing & Advertising
1456,LilyPro,LilyPro,Nan
1457,Marbles Coaching,Marbles-Coaching,Marketing & Advertising
1458,PwC South Africa,PwC-South-Africa,Management Consulting
1459,Projectline,Projectline,Marketing & Advertising
1460,Australia Post,Australia-Post,Consumer Services
1461,McMillan Shakespeare (MMSG),McMillan-Shakespeare,Financial Services
1462,FLEETCOR,FLEETCOR,Financial Services
1463,CPMP,CPMP,Non-profit Organization Management
1464,Fletcher Building,Fletcher-Building,Building Materials
1465,Snap,Snap,Architecture & Planning
1466,Universitas Padjadjaran,Universitas-Padjadjaran,Education Management
1467,Universitas Islam Negeri Sunan Gunung Djati,Universitas-Islam-Negeri-Sunan-Gunung-Djati,Newspapers
1468,H5,H5,Information Technology & Services
1469,Voxify,Voxify,Computer Software
1470,[24]7,[24]7,Nan
1471,"A.R.O., Inc.",A.R.O.-Inc.,Nan
1472,zulily,zulily,Retail
1473,"Smart Communications, Inc.",Smart-Communications-Inc.,Telecommunications
1474,Exigo Solutions Inc.,Exigo-Solutions-Inc.,Marketing & Advertising
1475,ISUZU PHILIPPINES CORPORATION,ISUZU-PHILIPPINES-CORPORATION,Automotive
1476,Wipro e Peripherals,Wipro-e-Peripherals,Information Technology & Services
1477,Fruition Partners ANZ,Fruition-Partners-ANZ,Marketing & Advertising
1478,Sasol,Sasol,Chemicals
1479,Voiceq,Voiceq,Computer Software
1480,Computer Sweden/IDG,Computer-Sweden/IDG,Information Technology & Services
1481,IDG (International Data Group),IDG,Real Estate
1482,Deep South Insurance,Deep-South-Insurance,Design
1483,Wipro BPS,Wipro-BPS,Information Technology & Services
1484,Globaltech(I)PVT.LTD,Globaltech,Oil & Energy
1485,Mainspring Healthcare Solutions an Accruent Company,Mainspring-Healthcare-Solutions-an-Accruent-Company,Management Consulting
1486,Plastic Omnium,Plastic-Omnium,Automotive
1487,MAPEI Americas,MAPEI-Americas,Nan
1488,Citic group,Citic-group,Financial Services
1489,BearingPoint,BearingPoint,Management Consulting
1490,FUTECS Corp,FUTECS-Corp,Nan
1491,BASE Corporation,BASE-Corporation,Civil Engineering
1492,ShareWithU Company Limited,ShareWithU-Company-Limited,Internet
1493,Cyber Access Limited,Cyber-Access-Limited,Nan
1494,Aga Khan University Hospital,Aga-Khan-University-Hospital,Hospital & Health Care
1495,DIFX,DIFX,Capital Markets
1496,Globe EL Projects,Globe-EL-Projects,Information Technology & Services
1497,Inobits Consulting,Inobits-Consulting,Information Technology & Services
1498,Gulf Finance,Gulf-Finance,Financial Services
1499,Sharaf Computer and Software Trading LLC,Sharaf-Computer-and-Software-Trading-LLC,Information Technology & Services
1500,www.fang.com,www.fang.com,Nan
1501,"University of California, Los Angeles",University-of-California-Los-Angeles,Nan
1502,AdLINK Internet Media (Now Hi-Media),AdLINK-Internet-Media,Marketing & Advertising
1503,"Evolve Media, LLC",Evolve-Media-LLC,Online Media
1504,Fairfax Digital,Fairfax-Digital,Online Media
1505,AppNexus,AppNexus,Internet
1506,MediaMath,MediaMath,Internet
1507,Australian Centre for Unisys Software (ACUS),Australian-Centre-for-Unisys-Software,Printing
1508,Cybernostics,Cybernostics,Nan
1509,SamySalama,SamySalama,Nan
1510,Computacenter,Computacenter,Information Technology & Services
1511,Independent Consultant,Independent-Consultant,Nan
1512,GroupDeal,GroupDeal,Nan
1513,5 Oceans Media,5-Oceans-Media,Nan
1514,"Terra Global, Life Sciences Recruitment",Terra-Global-Life-Sciences-Recruitment,Nan
1515,KroesKontrol,KroesKontrol,Marketing & Advertising
1516,British American Tobacco,British-American-Tobacco,Tobacco
1517,Memorex Telex,Memorex-Telex,Information Technology & Services
1518,Digital,Digital,Music
1519,RCA Technologies,RCA-Technologies,Information Technology & Services
1520,National Board of Medical Examiners,National-Board-of-Medical-Examiners,Education Management
1521,CSM Technologies Pvt. Ltd.,CSM-Technologies-Pvt.-Ltd.,Information Technology & Services
1522,AIESEC in the Netherlands,AIESEC-in-the-Netherlands,Non-profit Organization Management
1523,De Kleine Consultant,De-Kleine-Consultant,Management Consulting
1524,Unilever,Unilever,Consumer Goods
1525,United States Air Force,United-States-Air-Force,Defense & Space
1526,Exxon Chemical,Exxon-Chemical,Nan
1527,ExxonMobil,ExxonMobil,Oil & Energy
1528,Project Techniques Limited,Project-Techniques-Limited,Aviation & Aerospace
1529,Lendlease,Lendlease,Nan
1530,Bluewater Energy Services,Bluewater-Energy-Services,Oil & Energy
1531,Paul Royal Associates Ltd,Paul-Royal-Associates-Ltd,Nan
1532,ntl,ntl,Nan
1533,Cable&Wireless,Cable&Wireless,Nan
1534,Barclaycard,Barclaycard,Financial Services
1535,TranSys,TranSys,Package/Freight Delivery
1536,Ministry of Justice UK,Ministry-of-Justice-UK,Design
1537,2.00E+02,2.00E+02,Information Technology & Services
1538,Lloyds Banking Group,Lloyds-Banking-Group,Financial Services
1539,ECS,ECS,Management Consulting
1540,XL Capital,XL-Capital,Architecture & Planning
1541,XL Catlin,XL-Catlin,Insurance
1542,The Johns Hopkins University,The-Johns-Hopkins-University,Management Consulting
1543,Bloomberg LP,Bloomberg-LP,Financial Services
1544,fashiate,fashiate,Internet
1545,VoloMetrix,VoloMetrix,Computer Software
1546,Johnson & Johnson,Johnson-&-Johnson,Hospital & Health Care
1547,"Appcara, Inc.",Appcara-Inc.,Nan
1548,ePlus inc.,ePlus-inc.,Nan
1549,Paulgames,Paulgames,Nan
1550,WildTangent,WildTangent,Computer Software
1551,Wildseed,Wildseed,Nan
1552,"Varia, LLC",Varia-LLC,Writing & Editing
1553,Joulespersecond.com,Joulespersecond.com,Nan
1554,Kiha,Kiha,Nan
1555,Gatherball,Gatherball,Nan
1556,JOLT Labs,JOLT-Labs,Computer Software
1557,TurboPatent,TurboPatent,Computer Software
1558,Schroders,Schroders,Investment Management
1559,CXC Global,CXC-Global,Financial Services
1560,Australia Arab Chamber of Commerce & Industry,Australia-Arab-Chamber-of-Commerce-&-Industry,International Trade & Development
1561,SocietyOne,SocietyOne,Financial Services
1562,Bigstone,Bigstone,Nan
1563,Ruckus,Ruckus,Nan
1564,Syncfusion,Syncfusion,Computer Software
1565,iNautix Technologies,iNautix-Technologies,Nan
1566,CMA CGM SYSTEMS,CMA-CGM-SYSTEMS,Information Technology & Services
1567,Blake Dawson,Blake-Dawson,Law Practice
1568,Blackstone Chambers,Blackstone-Chambers,Wholesale
1569,Spasifik Magasine,Spasifik-Magasine,Nan
1570,Federal Court of Australia,Federal-Court-of-Australia,Judiciary
1571,Corrs Chambers Westgarth,Corrs-Chambers-Westgarth,Law Practice
1572,Lou Baker & Associates,Lou-Baker-&-Associates,Retail
1573,Central Coast Community Legal Centre,Central-Coast-Community-Legal-Centre,Design
1574,Inner City Legal Centre (ICLC),Inner-City-Legal-Centre,Photography
1575,Isaiah Research,Isaiah-Research,Market Research
1576,Australian National Audit Office,Australian-National-Audit-Office,Government Administration
1577,Connexxion Technology For Business,Connexxion-Technology-For-Business,Transportation/Trucking/Railroad
1578,Kellogg Brown and Root pty ltd,Kellogg-Brown-and-Root-pty-ltd,Civil Engineering
1579,T&T Engenheiros Associados,T&T-Engenheiros-Associados,Computer Software
1580,V3D Studios,V3D-Studios,Computer Software
1581,AIESEC Singapore,AIESEC-Singapore,Human Resources
1582,Jobstreet,Jobstreet,Nan
1583,Singapore Airlines,Singapore-Airlines,Airlines/Aviation
1584,MediaCom,MediaCom,Marketing & Advertising
1585,News Corp Australia,News-Corp-Australia,Online Media
1586,Jabra,Jabra,Consumer Electronics
1587,Avaya,Avaya,Telecommunications
1588,Navision Software,Navision-Software,Computer Software
1589,Afirma,Afirma,Management Consulting
1590,Technology Management Concepts,Technology-Management-Concepts,Computer Software
1591,M6.Net,M6.Net,Nan
1592,MYCO Systems Pty Ltd,MYCO-Systems-Pty-Ltd,Nan
1593,Housing Industry Association,Housing-Industry-Association,Information Technology & Services
1594,Australian Government,Australian-Government,Government Administration
1595,DIBP,DIBP,Nan
1596,Global CCS Institute,Global-CCS-Institute,Renewables & Environment
1597,Tigmatic,Tigmatic,Nan
1598,Cielo Talent,Cielo-Talent,Human Resources
1599,Meta Serviços em Informática,Meta-Serviços-em-Informática,Oil & Energy
1600,Maersk Data Defence,Maersk-Data-Defence,Defense & Space
1601,Progressive A/S,Progressive-A/S,Market Research
1602,Netcompany A/S,Netcompany-A/S,Nan
1603,HCL AXON,HCL-AXON,Nan
